Date,Close,Open,High,Low,Vol.
08-04-2022,1011.6,1038.45,1038.45,1005,6402287
11-04-2022,1025.5,1012,1028.3,1011.6,5871041
12-04-2022,1027.25,1021.5,1031.7,1013,14158927
13-04-2022,1016.6,1031,1033.8,1012.2,35079516
18-04-2022,1027.85,1016.6,1035,1010.1,17724098
19-04-2022,1000.3,1034.7,1038.9,980.35,10097767
20-04-2022,1012.05,1001.9,1015,990.05,9478670
21-04-2022,998.55,1016.05,1020,996.7,16850616
22-04-2022,967,998,998.55,959,10653203
25-04-2022,953.15,957.1,963,946.3,6906440
26-04-2022,978.4,958.15,980.6,957.05,23740696
27-04-2022,977.75,965.2,980.25,964,14870901
28-04-2022,981.2,988,990.6,977.95,11654816
29-04-2022,981.2,981.3,994.9,976.5,7627472
02-05-2022,976.6,979,989.75,971.8,12115340
04-05-2022,957.55,977.5,983,947.05,17079977
05-05-2022,948.4,959.95,967.2,944,20872239
06-05-2022,934.75,937.8,946.35,925.4,72648396
09-05-2022,938.3,934.75,942,922,74050073
10-05-2022,926.15,930,939.6,918.55,36095156
11-05-2022,937.6,912,942.6,904.25,41642776
12-05-2022,920.75,935,937,915.5,22940456
13-05-2022,934.6,924.1,940.1,922.2,13870658
16-05-2022,933.4,926.05,945,926.05,30890343
17-05-2022,938,935,941.05,916.2,14663558
18-05-2022,957.1,945.8,961.2,941.35,8306420
19-05-2022,938,940,953.95,934.4,14074860
20-05-2022,978.4,950,982.6,939,11846738
23-05-2022,970.05,978.8,987.7,966.45,20052773
24-05-2022,970.4,977,977.7,961.75,20271556
25-05-2022,971.85,972.4,985.9,969.45,12372751
26-05-2022,964.55,972.1,977.35,960.25,13731315
27-05-2022,966.35,970.1,977.8,960,16323203
30-05-2022,986.8,968.4,992,968,10044811
31-05-2022,992.95,988.9,1004.9,978.7,19132062
01-06-2022,983.55,994.5,998.65,980.35,10622472
02-06-2022,987.1,977.5,1006.85,977.5,10298319
03-06-2022,960.95,990.05,998.75,957.15,9435203
06-06-2022,976.05,960.95,979.7,960.5,13505929
07-06-2022,972.75,971.55,979.65,962,9490374
08-06-2022,962.95,972,976.05,956.9,7637664
09-06-2022,971.95,962.9,974.3,955,46157039
10-06-2022,966.8,960,971.6,960,21712301
13-06-2022,954.75,955,984.75,947.8,20151959
14-06-2022,964.7,955,970.8,950.8,12393619
15-06-2022,968.8,965,974.9,964,18907630
16-06-2022,940.95,976,977.75,927.8,14216953
17-06-2022,914.75,932.2,944.55,910.8,13052104
20-06-2022,925.85,914.75,928.15,902,59341710
21-06-2022,938.2,927.1,944.45,927.1,38356653
22-06-2022,916.9,931,945,912.8,43683145
23-06-2022,933.35,917,937.3,914.4,24007670
24-06-2022,933.7,933,943.5,930,26465084
27-06-2022,932.35,936,946.4,930.55,20819291
28-06-2022,945.1,935,947.8,921.85,12214126
29-06-2022,947.65,937.05,961.9,922.9,12706800
30-06-2022,917.2,944,944,911.4,21654415
01-07-2022,949.3,911.2,956.05,911.2,21289439
04-07-2022,930.65,944.6,950,928.5,18239949
05-07-2022,937.4,935,949.65,930.25,12651103
06-07-2022,945.6,940,950,933.15,14257553
07-07-2022,935.25,950.35,950.35,933.3,10549451
08-07-2022,935.45,942.25,942.25,927.85,19965511
11-07-2022,947.55,938,950,927.05,20641617
12-07-2022,935.75,941.9,947.35,934,10406343
13-07-2022,953.35,940.45,958.9,932.15,11590435
14-07-2022,951.15,953.4,968.65,945.15,7437937
15-07-2022,966.05,963,968,951.5,28092052
18-07-2022,967.35,971.65,975.4,960.05,15425248
19-07-2022,960.65,958.2,974,955.4,9396007
20-07-2022,981.5,965.7,982.95,958.85,6365038
21-07-2022,968.5,985,989.5,966.35,7794071
22-07-2022,972.1,973.5,976.5,967.5,8572565
25-07-2022,959.8,976,979.8,955.05,7926434
26-07-2022,955.7,959.95,962,944.5,23140556
27-07-2022,974.05,956.9,976.25,951.8,16408080
28-07-2022,967.45,977,978.95,964.2,10577525
29-07-2022,977.4,973.7,983.95,953,21380248
01-08-2022,1004.55,990,1031,988.3,30867456
02-08-2022,1004.2,1003.65,1006.1,992,17646759
03-08-2022,1011.85,1010,1028.75,1004.5,25335178
04-08-2022,1044.5,1017.8,1046.9,1015,22020642
05-08-2022,1034.2,1040,1045.95,1032,12961285
08-08-2022,1029.55,1036.2,1039.5,1024.1,13059792
10-08-2022,1038.35,1035.55,1046.3,1029.05,10562238
11-08-2022,1038.4,1040.5,1049,1035,6741014
12-08-2022,1027.15,1043.6,1043.6,1022.35,8516696
16-08-2022,1034.55,1027.15,1036,1025.25,6727598
17-08-2022,1025.75,1039.75,1042.95,1024.2,5805589
18-08-2022,1032.2,1028.5,1034.05,1007.35,14490962
19-08-2022,1030.1,1029.05,1036.6,1020.1,15215695
22-08-2022,1022.55,1016,1029.85,1015.5,23276003
23-08-2022,1040.65,1010.2,1046.8,1010.2,7564329
24-08-2022,1037.35,1041,1053.85,1026.05,6560404
25-08-2022,1025.75,1043.95,1043.95,1020.55,9304799
26-08-2022,1020.8,1030.9,1035.7,1018.5,8171322
29-08-2022,1017.3,1000,1024,991.3,7063839
30-08-2022,1038.45,1018.5,1042.2,1016.1,9844211
01-09-2022,1023,1026,1044.25,1019.4,16856241
02-09-2022,1015.6,1024,1031.2,1012.05,8693744
05-09-2022,1025.65,1012.5,1030.45,1012,17248729
06-09-2022,1040.85,1025,1042,1024.9,8780396
07-09-2022,1051.5,1033.85,1061.85,1033,5313753
08-09-2022,1056.05,1058.5,1059.75,1044,9367397
09-09-2022,1058.3,1060,1065.95,1055,6322630
12-09-2022,1064.75,1058.3,1068.5,1057.1,14647592
13-09-2022,1058.9,1057.05,1063,1052.65,9048841
14-09-2022,1059.95,1040,1068,1040,6942704
15-09-2022,1033.3,1060,1062.95,1028.5,7842930
16-09-2022,1043.5,1038.5,1060,1034,6795141
19-09-2022,1036.3,1043.95,1043.95,1015,5610793
20-09-2022,1092.3,1041.5,1097.55,1039.5,7600779
21-09-2022,1070.4,1100,1101.85,1064.25,9913955
22-09-2022,1061.9,1061.15,1071.8,1051,5519522
23-09-2022,1068.1,1067.25,1093,1063.25,6167419
26-09-2022,1065.65,1065.7,1081.2,1050.85,4844223
27-09-2022,1098.7,1070.95,1104.9,1069,10207034
28-09-2022,1097.15,1101,1117.7,1087.65,12853314
29-09-2022,1115.85,1100.55,1121.65,1088.1,7343180
30-09-2022,1114.95,1119.75,1128,1105.05,5096403
03-10-2022,1130.75,1116.8,1144.9,1115,12477455
04-10-2022,1144.65,1138.85,1147.5,1133,7849924
06-10-2022,1134.45,1150.4,1150.4,1124,12615631
07-10-2022,1130.5,1135,1147.2,1129.05,9949919
10-10-2022,1118.85,1110,1131.5,1110,8058280
11-10-2022,1110.1,1121.8,1127.15,1103.8,31999040
12-10-2022,1108.45,1111.6,1118.05,1099.2,16358151
13-10-2022,1103.65,1108.4,1127.85,1101.1,14267910
14-10-2022,1108.9,1115.1,1120,1105.4,28800337
17-10-2022,1108.15,1108,1113.05,1098.8,8861089
18-10-2022,1125.85,1113.7,1130.2,1110.3,7844356
19-10-2022,1122,1131.5,1145,1119.1,6119157
20-10-2022,1136.8,1122,1142,1117,4233196
21-10-2022,1134.75,1136.8,1148,1132.5,8783707
24-10-2022,1146.9,1145.6,1150,1141.55,10390480
25-10-2022,1155.9,1147,1164.85,1146.9,9344364
27-10-2022,1165.9,1169.95,1180.1,1156.3,10825973
28-10-2022,1155.2,1169,1171.8,1151,13077805
31-10-2022,1167.4,1161,1177.85,1159.05,12673156
01-11-2022,1173.4,1167.5,1185.25,1163.6,8757016
02-11-2022,1159.25,1173.55,1178.4,1156.2,12991363
03-11-2022,1163.1,1152.2,1176,1151.1,9682321
04-11-2022,1146.1,1167.85,1175.25,1141,4599518
07-11-2022,1130.9,1146.1,1152,1116.5,4909470
09-11-2022,1129.4,1141.1,1154.95,1125,5307321
10-11-2022,1122.3,1130,1152,1119,12751679
11-11-2022,1121.4,1130,1143.85,1116.65,7677716
14-11-2022,1129.5,1124.5,1133.6,1118.2,8436280
15-11-2022,1118.75,1134.95,1134.95,1110.85,19053188
16-11-2022,1121.2,1120.95,1136.45,1117.25,9884429
17-11-2022,1119.5,1125,1132.45,1116.45,7705022
18-11-2022,1102.4,1124,1127.05,1099.45,5386854
21-11-2022,1104.45,1104.95,1108.2,1093.75,8750965
22-11-2022,1104.1,1107.45,1109.7,1097.2,4011597
23-11-2022,1108,1108.9,1124.55,1098.65,6890375
24-11-2022,1095.35,1113.55,1117.65,1092.4,5673523
25-11-2022,1105.35,1093.05,1107,1078.5,7677219
28-11-2022,1101.75,1100,1110,1094.1,5495315
29-11-2022,1121.15,1106,1125.85,1105,7832594
30-11-2022,1139.65,1121.15,1149,1120,5795048
01-12-2022,1124.9,1145,1145.2,1117,6134706
02-12-2022,1114.35,1124.9,1124.9,1099,8962595
05-12-2022,1115.35,1114.35,1122.55,1108.15,12875386
06-12-2022,1109.6,1115,1117.8,1103.4,11397506
07-12-2022,1105.3,1111,1122.65,1103.4,10862095
08-12-2022,1107.5,1109.2,1113,1103.15,12795784
09-12-2022,1107.9,1115,1115.85,1101.1,14641624
12-12-2022,1096.8,1105,1110,1093.1,10850668
13-12-2022,1109.9,1096.95,1112.5,1088.2,19154740
14-12-2022,1112.7,1114,1119,1106.15,9256951
15-12-2022,1101.8,1111.2,1118.1,1099.35,7231841
16-12-2022,1089.4,1096.3,1108,1086.1,6241886
19-12-2022,1096.65,1090.35,1100.5,1084.45,5623812
20-12-2022,1091.15,1096,1097.4,1088.45,6674374
21-12-2022,1128,1096.1,1130,1085.65,13886387
22-12-2022,1122.45,1135,1147.35,1117.05,10755972
23-12-2022,1119.15,1121,1146.95,1113.2,3285505
26-12-2022,1096.5,1127,1135,1094,730136
27-12-2022,1095.85,1094.05,1104.9,1090.1,6976548
28-12-2022,1085.8,1094,1103.15,1084.1,6422639
29-12-2022,1087.55,1086,1098,1070,14076967
30-12-2022,1075.95,1094.95,1095,1073.5,8365329
02-01-2023,1070.95,1080.25,1082,1063.85,8813106
03-01-2023,1075.9,1070.05,1080.95,1066.4,14974441
04-01-2023,1066.9,1078.95,1081.95,1063.95,6754654
05-01-2023,1088.35,1075,1093.2,1067.4,5511411
06-01-2023,1076.35,1088.35,1093.1,1073.5,10513106
09-01-2023,1087.45,1081.75,1096.95,1076.9,40391668
10-01-2023,1078.7,1086.5,1090.25,1074.85,20832572
11-01-2023,1047.6,1078.7,1083.95,1043,20165337
12-01-2023,1061.15,1052.8,1064.1,1043.15,18762693
13-01-2023,1067.75,1064,1070.6,1053.25,20225373
16-01-2023,1059.6,1070.5,1074.7,1051,9764275
17-01-2023,1069.1,1062.8,1071.1,1053.35,5737884
18-01-2023,1063.4,1068.9,1072,1059.35,6413585
19-01-2023,1064.85,1063.5,1069.6,1058.55,6430876
20-01-2023,1053.45,1067,1067,1050.45,5885877
23-01-2023,1062.55,1053.4,1064.25,1050.7,5693274
24-01-2023,1062.15,1065,1074.9,1055.05,8198891
25-01-2023,1035.25,1064.9,1068.25,1020,10046363
27-01-2023,1047.25,1023.25,1072.95,1023.25,6325649
30-01-2023,1034.4,1057,1057,1028.5,8732711
31-01-2023,1017.95,1043,1043,1007.5,7394839
01-02-2023,1032.05,1019,1035.9,1015.1,4519547
02-02-2023,1025.3,1026.1,1032.8,1017.3,3135706
03-02-2023,1022.3,1022,1027.8,1010.5,4197165
06-02-2023,1029.8,1020,1033.6,1010.15,7881379
07-02-2023,1031.3,1029.8,1034.85,1021.3,4878457
08-02-2023,1039.1,1035,1041.2,1019.15,4730078
09-02-2023,1021.5,1025.3,1044.6,1020,5221433
10-02-2023,1033.2,1021,1036.85,1015.05,4073907
13-02-2023,1021.95,1036,1040.6,1019,3784271
14-02-2023,1028.35,1026.7,1032.45,1017.6,3675466
15-02-2023,1030.8,1026.85,1033.45,1016.1,6561011
16-02-2023,1035.5,1031.75,1038,1028.35,2961726
17-02-2023,1025.75,1035.5,1035.75,1021.15,3015714
20-02-2023,964,998,998,955.25,4784105
21-02-2023,965.95,969.8,979.1,963.5,4210225
22-02-2023,962.55,966.6,972.8,959.05,3643132
23-02-2023,960.3,965,967.45,956,9550461
24-02-2023,961.8,961.1,966,955,8815728
27-02-2023,950.2,965.6,968.6,948.65,12237065
28-02-2023,906.4,945.9,945.9,903.1,5400260
01-03-2023,899.6,907.8,910.25,896,7637956
02-03-2023,886.45,901.95,903,884.5,7161675
03-03-2023,878.65,891,892,877,3671193
06-03-2023,880.9,885,885.55,869.05,3987352
08-03-2023,877.25,883.7,883.8,871.1,5871758
09-03-2023,881.75,877.25,896.85,877,6441530
10-03-2023,881.2,879.15,884.6,871.3,12938871
13-03-2023,874.8,882.6,889.1,872.15,13444947
14-03-2023,872.05,873,883.7,853.85,8736715
15-03-2023,877.95,875,883.4,872.6,4252051
16-03-2023,883.45,881,890,876.75,3855827
17-03-2023,874.05,887.35,888.4,870,6171667
20-03-2023,866.7,874.05,876.9,861.8,6172517
21-03-2023,862.35,866.8,872.4,860.6,7424552
22-03-2023,863.4,864,866,852,24008324
23-03-2023,869.1,868,870.9,861.25,6806578
24-03-2023,877.25,869.1,879,866.15,8776614
27-03-2023,889.3,881.05,891.35,876.05,5742881
28-03-2023,889.5,891.8,894.25,886.4,4907167
29-03-2023,887.7,893.95,896.6,885.35,6316867
31-03-2023,900.5,888.8,902.7,886.7,4383159
03-04-2023,891.45,910,910,887.05,4954439
05-04-2023,895.75,889,897.35,886.3,6142208
06-04-2023,893.35,899,899.75,889,6758731
10-04-2023,901.85,896.95,904.5,894.2,13093683
11-04-2023,907.15,905,908.15,902,7243093
12-04-2023,917.95,909,920.9,908.2,8479587
13-04-2023,915.75,921.9,923.05,912.3,4655766
17-04-2023,906.45,915,917.45,901.1,6003852
18-04-2023,924.25,905,925.5,897,6219715
19-04-2023,911.9,925.95,925.95,909,5154174
20-04-2023,904,912,913.7,898.95,4841279
21-04-2023,915.05,903,918.55,903,6054079
24-04-2023,903,916,917.2,901.15,4510175
25-04-2023,909.65,904.6,912,896.3,11354939
26-04-2023,911.1,911.85,914.2,900.05,7089438
27-04-2023,913.95,911.2,917.3,903,4271464
28-04-2023,908.05,918.85,919,905.15,3670173
02-05-2023,917.7,910.4,921,906.1,3877606
03-05-2023,920.65,920.95,924.5,917,5723922
04-05-2023,933.5,920.65,935.4,920.65,2992144
05-05-2023,924.8,935,935.2,920.85,4988245
08-05-2023,933.3,927.2,934.9,919.65,15720256
09-05-2023,939.2,935,943,929.1,4244575
10-05-2023,944.4,943.5,946.7,933.2,3998751
11-05-2023,943.6,946.45,947,935,9675449
12-05-2023,937.45,948.85,953,913,4730918
15-05-2023,922.8,940,940,896.85,6611089
16-05-2023,922.1,927.4,942.65,918.4,4002212
17-05-2023,923.95,924.95,932,917,6157526
18-05-2023,914.5,929,929.65,911.55,16734166
19-05-2023,916.25,917,922,913,5139018
22-05-2023,924.95,916.25,931.05,915.45,7754066
23-05-2023,930.4,926.4,932.3,919.5,6491910
24-05-2023,938,923.5,939.9,923.5,4589598
25-05-2023,945.45,941.45,947,935,3498235
26-05-2023,951.35,945.9,952.75,940.5,5136012
29-05-2023,956.25,952,959.2,945.1,3478451
30-05-2023,959.85,957.6,961.5,951,6265943
31-05-2023,953.05,960.2,965,942.3,8004952
01-06-2023,964.75,950,966.5,946.75,7424582
02-06-2023,965.85,965.9,969.65,954.65,2589165
05-06-2023,974.8,970,976.9,959.15,2459508
06-06-2023,972.05,972.9,974.95,964.05,2587030
07-06-2023,960.45,972.95,977.9,958.5,2570946
08-06-2023,965.4,964.9,969.85,963,3439487
09-06-2023,969.25,966,971,959.15,3349374
12-06-2023,959.95,973.25,973.25,955.15,4771074
13-06-2023,981.5,963,983.85,957,3773537
14-06-2023,978.7,981.5,981.9,972.6,4523385
15-06-2023,998.2,981.95,1000,980.6,7248108
16-06-2023,1006.05,1000,1007.15,993.75,3043479
19-06-2023,1011.25,1006.25,1017.55,999.2,9711437
20-06-2023,1011.15,1013.85,1018.8,1002.6,7318928
21-06-2023,1008.9,1010.2,1013.45,1002.25,3650159
22-06-2023,998.3,1003.1,1007,990.1,2675726
23-06-2023,989.4,999.95,999.95,985.65,2348435
26-06-2023,1021.9,989.35,1025,989.35,4217892
27-06-2023,1009.25,1024,1026.1,1005,6016484
28-06-2023,1009.9,1007,1018.5,1004.05,4968232
30-06-2023,1014.95,1009.9,1021.45,1005,3512113
03-07-2023,1001.8,1020.5,1029.9,999,3810543
04-07-2023,1011.85,1007.95,1016,996.5,2891415
05-07-2023,1010.8,1017,1018.8,1005.4,3213453
06-07-2023,1021.25,1012,1023.55,1011.4,2422138
07-07-2023,1020.65,1009.45,1028.75,998.05,3810138
10-07-2023,1016.7,1024,1026,1013,2646742
11-07-2023,1027.8,1018.95,1033.5,1018,8069985
12-07-2023,1022.2,1025,1032.9,1019.95,4657906
13-07-2023,1020.7,1027.85,1036,1018.05,15727646
14-07-2023,1030.9,1026.15,1034.8,1019.35,35509867
17-07-2023,1032.65,1036.2,1039,1025.4,36400588
18-07-2023,1030.8,1032.65,1035.2,1019.5,19807347
19-07-2023,1035.8,1030,1042,1022.7,13495524
20-07-2023,1056.55,1038.95,1057.9,1027,8538256
21-07-2023,1048.95,1048.9,1062,1045.05,5137982
24-07-2023,1048.95,1048.95,1053,1038,4261576
25-07-2023,1054.75,1058,1061.75,1049.4,5574798
26-07-2023,1068.5,1060,1082.05,1042.15,7034468
27-07-2023,1171.45,1115,1219.4,1108.55,6363240
28-07-2023,1177.8,1171.45,1190.4,1155.7,8518319
31-07-2023,1175,1181.8,1184.75,1165.4,8210198
01-08-2023,1178.35,1175,1187.3,1168.1,5024593
02-08-2023,1168.3,1185,1185,1153.55,4705567
03-08-2023,1165.85,1166.05,1178.95,1150,3881707
04-08-2023,1209.75,1171,1238.7,1171,6145625
07-08-2023,1223.65,1195,1228.5,1174.2,6282912
08-08-2023,1266.45,1225,1269,1224.05,19512531
09-08-2023,1266.05,1270,1271.65,1252.25,7850296
10-08-2023,1258.95,1266,1277.9,1248.1,7860203
11-08-2023,1250.2,1258.3,1258.8,1245,3662791
14-08-2023,1235.6,1250.2,1252,1231.65,4859892
16-08-2023,1243.55,1231.55,1246,1226.05,7254947
17-08-2023,1241,1235,1245.85,1226.05,6393850
18-08-2023,1236.4,1239,1257,1231,6223180
21-08-2023,1233.8,1237.45,1245.3,1230.3,10775084
22-08-2023,1221,1233.8,1240.25,1218.05,11313272
23-08-2023,1230.65,1252.05,1259.9,1225.05,20205328
24-08-2023,1220.5,1235.2,1239.65,1217,7390502
25-08-2023,1209.4,1217.95,1219.9,1205,4963515
28-08-2023,1228.9,1212,1237,1211,6168942
29-08-2023,1229.75,1232,1245.65,1227.3,5247533
30-08-2023,1236.15,1234.7,1256.8,1231.15,3195629
31-08-2023,1257.6,1240.15,1266.1,1223.2,3903407
01-09-2023,1245.4,1264.9,1268.9,1239.65,3456895
04-09-2023,1238.85,1250.3,1255.4,1232.55,11024983
05-09-2023,1238.95,1255,1266,1235.1,7574284
06-09-2023,1256.75,1246.15,1267,1242.6,7837850
07-09-2023,1249.3,1259,1261,1245,8817344
08-09-2023,1244.6,1249.5,1262,1239,19422170
11-09-2023,1247.35,1244.6,1252.75,1236.5,22409256
12-09-2023,1239.8,1247.95,1259.9,1234.95,25003960
13-09-2023,1228.5,1242,1250,1223.3,13949266
14-09-2023,1233.75,1230,1244.25,1225,6725977
15-09-2023,1235.5,1234.8,1241.95,1228.3,6744074
18-09-2023,1240.55,1240.95,1257.6,1237.05,13828141
20-09-2023,1239.7,1243.25,1252.6,1236,35271302
21-09-2023,1206.4,1232,1240.25,1204,10749822
22-09-2023,1185.9,1207.4,1209.1,1168.55,6132454
25-09-2023,1179.35,1186,1197.15,1177,6092872
26-09-2023,1163.65,1181,1185,1161.5,5602132
27-09-2023,1180.5,1187,1189,1170.1,6904019
28-09-2023,1164.05,1180.5,1185,1158.9,4955953
29-09-2023,1186.15,1169.9,1199.2,1165,4280368
03-10-2023,1182.8,1184,1185.7,1170.95,2524601
04-10-2023,1167.05,1178.1,1185,1161.3,6378317
05-10-2023,1161.1,1170.1,1172.95,1155.25,3360861
06-10-2023,1163,1165,1181.7,1160.45,3112560
09-10-2023,1159.5,1159,1166.85,1151.65,4086281
10-10-2023,1155.05,1160.1,1163.6,1150.5,10403460
11-10-2023,1171.95,1151,1175,1146.5,14869577
12-10-2023,1157.9,1179.05,1186.35,1152.45,24785966
13-10-2023,1167.75,1156,1169.2,1150,19654487
16-10-2023,1164.4,1166.3,1170.1,1158.8,13346191
17-10-2023,1173.5,1168,1178.05,1160.65,72255521
18-10-2023,1210.6,1185,1219.45,1176.15,41855413
19-10-2023,1223.3,1210.5,1225,1189.65,14505153
20-10-2023,1200.2,1221.85,1221.85,1198.25,17547706
23-10-2023,1183.8,1200,1210.2,1178.45,17607568
25-10-2023,1157.45,1184.5,1188.75,1154.05,12033796
26-10-2023,1150.85,1154.8,1155,1132,13288180
27-10-2023,1174.25,1152,1197.9,1149.25,8754852
30-10-2023,1193.45,1186,1212.4,1177.5,18615797
31-10-2023,1200,1199.95,1206.1,1191.1,11071899
01-11-2023,1201.25,1200,1208.7,1186.55,8691024
02-11-2023,1208.5,1205.5,1211.85,1194.65,9118957
03-11-2023,1206.35,1215,1219.75,1204,11256196
06-11-2023,1204.1,1211.95,1217,1197.25,12805340
07-11-2023,1216.45,1205,1217.5,1200.75,12432497
08-11-2023,1241,1222,1242.4,1220,8640829
09-11-2023,1238.15,1242,1245,1232,9348540
10-11-2023,1240.1,1237.85,1242,1230,6338888
12-11-2023,1243.95,1246,1248.7,1239.95,8687014
13-11-2023,1240.55,1243,1243,1230.65,3741467
15-11-2023,1241.75,1260,1260,1237.7,4647845
16-11-2023,1234.8,1241.05,1246.3,1232.65,23283411
17-11-2023,1249.4,1236,1256.1,1235.5,12321154
20-11-2023,1247.1,1241.5,1256,1241,15375295
21-11-2023,1253.25,1246.95,1255,1242.15,9516879
22-11-2023,1271.5,1256.95,1283.55,1254,10535107
23-11-2023,1170.65,1270,1270,1164.55,7760527
24-11-2023,1198.65,1190.05,1205,1178,9662837
28-11-2023,1192.3,1200,1202.75,1188,8977527
29-11-2023,1201.55,1198.75,1206.8,1191.75,6009115
30-11-2023,1212.3,1200,1217.65,1198.1,8086150
01-12-2023,1205.7,1213.45,1217.85,1203.5,7253336
04-12-2023,1216.5,1212.3,1219.1,1206.25,8329092
05-12-2023,1224.45,1222.6,1229,1216,6229982
06-12-2023,1205.2,1225,1229.85,1201,7446586
07-12-2023,1222.8,1206,1225,1197,9593653
08-12-2023,1219.1,1225,1231.2,1204,7071960
11-12-2023,1202.3,1217.6,1218.95,1195.05,4658440
12-12-2023,1198.65,1210.6,1214.25,1195.2,10340818
13-12-2023,1216.5,1198.65,1217.95,1195.2,6424833
14-12-2023,1204.65,1219.05,1222.55,1201.1,15503280
15-12-2023,1207.1,1215,1217.6,1202.85,8445203
18-12-2023,1216.8,1205.6,1218.95,1192.1,42178783
19-12-2023,1237.1,1219.45,1240.15,1212.2,35092206
20-12-2023,1236.2,1239,1248,1231,17617280
21-12-2023,1221.85,1236.2,1236.2,1205.85,13542916
22-12-2023,1235.6,1230.05,1242.5,1221.65,19032608
26-12-2023,1244.95,1240,1250,1231.85,15148068
27-12-2023,1239.75,1247,1250.35,1236.7,7599447
28-12-2023,1260.8,1239.75,1263.8,1239.75,7054445
29-12-2023,1246.3,1264,1267.6,1242.05,14149513
01-01-2024,1251,1252.45,1256.8,1246.7,11959336
02-01-2024,1281.55,1255.1,1285,1252.1,15105221
03-01-2024,1300.15,1291,1307,1274.05,22705896
04-01-2024,1296.65,1304,1308,1286.65,15782945
05-01-2024,1286.9,1300,1301.55,1276.15,14817158
08-01-2024,1271.75,1296.65,1297,1266.2,8507659
09-01-2024,1289.35,1284,1295,1273.4,11420609
10-01-2024,1329.2,1296,1331.5,1294.3,8789103
11-01-2024,1325.65,1339.85,1340,1323.05,8091533
12-01-2024,1308,1324.2,1325.65,1300.4,14331890
15-01-2024,1313.15,1316,1327.75,1306.6,7959685
16-01-2024,1302.35,1313.15,1314.4,1298.25,28937243
17-01-2024,1294,1299.35,1312.9,1282.1,23224408
18-01-2024,1322.95,1285.05,1327.2,1267.9,10028664
19-01-2024,1327.95,1330.95,1330.95,1316.6,13916380
20-01-2024,1316.25,1335.65,1337.95,1307.05,11910267
23-01-2024,1409,1385,1425,1368.7,7890042
24-01-2024,1417.35,1409,1423.05,1394.85,28310022
25-01-2024,1369.65,1413.35,1413.45,1353.5,8859317
29-01-2024,1336.85,1365,1365,1325.3,11124690
30-01-2024,1317.1,1345,1352,1314.15,28363847
31-01-2024,1351,1317.1,1352.9,1312,12903439
01-02-2024,1387.65,1359.7,1394.85,1352.05,11039940
02-02-2024,1392.65,1387,1404.7,1385,8369460
05-02-2024,1433.9,1400.65,1447,1394.3,9424716
06-02-2024,1425.45,1444.85,1445.9,1412.55,9473743
07-02-2024,1438.75,1436,1444.5,1420.85,9670366
08-02-2024,1420.2,1448,1457.7,1417.65,9163771
09-02-2024,1439.75,1428.1,1447.55,1417.05,7471050
12-02-2024,1434.75,1440,1452.75,1425,7490747
13-02-2024,1457.75,1439,1463.55,1430,10996538
14-02-2024,1425.35,1454.8,1454.8,1410.45,12493835
15-02-2024,1422.35,1425.35,1437.95,1412,15893456
16-02-2024,1440.7,1430,1449,1425.9,16406737
19-02-2024,1470.35,1444.95,1473.6,1438.95,22938994
20-02-2024,1451.65,1475,1479,1436,13440949
21-02-2024,1447.3,1452,1462.5,1433.45,27149058
22-02-2024,1453.3,1455.55,1456,1420.55,14159072
23-02-2024,1466.4,1456.15,1482.35,1449.75,23750822
26-02-2024,1469.85,1473.5,1481.2,1461.55,8862155
27-02-2024,1487.45,1473.45,1491,1469.7,25177075
28-02-2024,1477,1491.45,1493.95,1470,31418925
29-02-2024,1480.35,1475.95,1490,1451.4,13386526
01-03-2024,1470.9,1494,1494,1460,14430152
02-03-2024,1483,1488.65,1492,1475.2,18790158
04-03-2024,1471.5,1483,1495.3,1469.75,17472069
05-03-2024,1473.45,1465.15,1479.7,1452.8,19472346
06-03-2024,1485.25,1476,1489.9,1448.15,35665854
07-03-2024,1483.15,1485.25,1490.45,1475.5,18592696
11-03-2024,1504.1,1493,1519,1488.55,18501875
12-03-2024,1465.75,1512,1514,1460,14513583
13-03-2024,1471.25,1470,1479,1449,19798448
14-03-2024,1496.65,1467.1,1501.45,1454.35,27899165
15-03-2024,1488.05,1494.8,1496.2,1466.05,19032050
18-03-2024,1488.45,1489,1495.85,1471,22083710
19-03-2024,1435.7,1482.55,1486.8,1431.1,9625544
20-03-2024,1417.4,1435.8,1444.9,1415.6,7570244
21-03-2024,1448.7,1427,1455.1,1420.2,8343526
22-03-2024,1481.25,1453,1489.6,1451.05,8893614
26-03-2024,1472.25,1473,1481.25,1460,11711699
27-03-2024,1463.35,1484,1496,1458,8411615
28-03-2024,1496.95,1472,1514.2,1461.15,11977226
01-04-2024,1498.65,1510,1510,1493.8,14061966
02-04-2024,1489.4,1502.9,1502.9,1483.3,9680802
03-04-2024,1471.5,1493.35,1501.55,1467,7824738
04-04-2024,1459.55,1479,1481.2,1445.1,8409613
05-04-2024,1449.4,1439,1474,1437.5,17803423
08-04-2024,1462.45,1457.15,1472.85,1449.4,20478918
09-04-2024,1450.3,1467.75,1470,1447.1,25435001
10-04-2024,1422.95,1453.15,1455.3,1406,9803914
12-04-2024,1396.8,1423,1424.85,1388,8373676
15-04-2024,1381.4,1389.95,1399,1375.55,6950340
16-04-2024,1375.2,1385,1391.95,1371.55,9911230
18-04-2024,1347.3,1376,1383.65,1342.4,9172888
19-04-2024,1345.75,1347,1357.7,1335,9389403
22-04-2024,1354.85,1350.25,1361.95,1348,17985246
23-04-2024,1346.7,1369.75,1369.75,1344.5,10332853
24-04-2024,1398.2,1353.45,1401.9,1352.2,7256592
25-04-2024,1406.2,1407,1410.45,1384.1,6972648
26-04-2024,1409.15,1413.1,1417.2,1401.25,14743020
29-04-2024,1408,1419,1420.1,1392.4,4820138
30-04-2024,1400,1415.05,1418.95,1395.05,3980972
02-05-2024,1420.05,1400,1426,1398.15,15825331
03-05-2024,1424.75,1428,1434,1415.2,11259294
06-05-2024,1423.4,1431,1431.85,1405.05,7680715
07-05-2024,1387.2,1423.4,1428.85,1377.75,4996845
08-05-2024,1384.75,1375.05,1398.15,1375.05,10945138
09-05-2024,1358.8,1387.85,1392.2,1353,7628287
10-05-2024,1339.55,1371.35,1396.9,1317.25,6396926
13-05-2024,1414.65,1371,1425.95,1369.55,5390120
14-05-2024,1357.35,1410,1410,1350.1,10858594
15-05-2024,1406.7,1395,1428.45,1386.7,7209435
16-05-2024,1421.1,1409,1425.9,1387.3,5305655
17-05-2024,1399.05,1417.1,1419.9,1396.4,6021793
18-05-2024,1404.05,1403.9,1407.3,1400.25,14980896
21-05-2024,1442.3,1410,1445.95,1396.4,51071947
22-05-2024,1482.3,1450.95,1494.8,1437.25,36408390
23-05-2024,1489.15,1482,1504.55,1462.7,13728379
24-05-2024,1486.45,1489.15,1493.9,1479.05,16978094
27-05-2024,1478.65,1491,1492.55,1475.2,15601338
28-05-2024,1479.45,1482.95,1494.75,1475.2,9190621
29-05-2024,1493.55,1475.25,1497.6,1472.6,11107909
30-05-2024,1466.6,1495.05,1496.55,1454,6592194
31-05-2024,1447.2,1466.95,1472.7,1440,23543942
03-06-2024,1452.35,1482,1483,1446.05,17232651
04-06-2024,1462.55,1460,1476.95,1418.55,10625019
05-06-2024,1496.95,1490,1514,1466.85,27356982
06-06-2024,1477,1500,1501,1464,28346931
07-06-2024,1497.25,1484,1503.4,1479.3,14378840
10-06-2024,1534.25,1506.9,1540.85,1502,12190536
11-06-2024,1530.25,1545,1546.45,1527,8811105
12-06-2024,1540.95,1542.45,1549,1532,8165238
13-06-2024,1544.55,1550,1551,1520.4,8014727
14-06-2024,1564.75,1545,1567,1535.8,7725080
18-06-2024,1574.8,1570,1576.95,1563.6,11223848
19-06-2024,1559.8,1577.4,1582,1553.4,48046493
20-06-2024,1544.85,1558,1559.15,1540,18966089
21-06-2024,1541.55,1549.9,1562.9,1533.5,21757857
24-06-2024,1504.4,1528,1528,1495.05,8317343
25-06-2024,1499.7,1511.6,1517.8,1495.5,10958537
26-06-2024,1479.1,1503.7,1507.2,1475,11169021
27-06-2024,1480.9,1481,1486.2,1465.3,15412796
28-06-2024,1480.8,1486.3,1492.2,1476.05,7438571
01-07-2024,1479.1,1484.95,1493.7,1472.2,5974636
02-07-2024,1488.65,1480,1492.75,1479.25,6946544
03-07-2024,1483.75,1494,1500,1474.6,8962510
04-07-2024,1480.75,1477.75,1488.95,1467,7864157
05-07-2024,1509.9,1487,1516,1486,10340882
08-07-2024,1487.05,1516,1524.65,1483.2,11124175
09-07-2024,1512.05,1496.9,1515,1487.3,7951999
10-07-2024,1513.2,1512.1,1517.25,1492.25,6655899
11-07-2024,1506,1517,1519,1495,14857335
12-07-2024,1512.05,1506.05,1515,1502.4,8302706
15-07-2024,1517.2,1516.6,1531.95,1513.25,8579861
16-07-2024,1510.4,1517.2,1524.45,1503.1,14629287
18-07-2024,1506.65,1497,1513,1485.6,7244652
19-07-2024,1485.5,1501.6,1506,1480.2,7796954
22-07-2024,1490,1475.05,1507.05,1470.65,5754517
23-07-2024,1497.9,1490,1504,1475.15,7477292
24-07-2024,1503.5,1495.35,1511.3,1485,6444684
25-07-2024,1500.05,1498,1508.7,1489.8,5981477
26-07-2024,1575,1504.75,1600,1501,20146927
29-07-2024,1553.95,1588,1589,1528.8,8198389
30-07-2024,1528.9,1554,1564.05,1526,7106020
31-07-2024,1544.3,1530.1,1548.55,1523.55,23169665
01-08-2024,1546.2,1545.95,1552.5,1535.55,12540956
02-08-2024,1528.8,1529,1541.4,1523.7,9971704
05-08-2024,1515.05,1472,1527.95,1472,7281653
06-08-2024,1531.9,1513,1542.35,1505.7,11311831
07-08-2024,1553.55,1532.1,1556.9,1532.1,6823248
08-08-2024,1569.95,1545,1589.65,1545,10281157
09-08-2024,1574.75,1574.8,1581.2,1561.5,20437968
12-08-2024,1586.25,1574.7,1593,1571.05,7259754
13-08-2024,1583.45,1600,1606.7,1580,13197520
14-08-2024,1563.8,1597,1597,1555,11972565
16-08-2024,1576.1,1567,1580.45,1560,34763894
19-08-2024,1575.5,1578.45,1584.95,1569.7,10985150
20-08-2024,1562.85,1576.5,1579,1558.2,11835031
21-08-2024,1594.6,1565.65,1596.15,1561,7142269
22-08-2024,1585.8,1599,1599,1576.05,18293730
23-08-2024,1574.55,1580.05,1585.8,1568.45,13624148
26-08-2024,1593.95,1570,1596,1566.55,6468264
27-08-2024,1598.05,1586.5,1619.8,1586.5,5238736
28-08-2024,1618.2,1604,1630,1595.2,5201294
29-08-2024,1618.55,1622,1642.3,1609,14766889
30-08-2024,1654.9,1615,1663.7,1615,7313429
02-09-2024,1646.65,1669,1681.6,1642,10737456
03-09-2024,1653.2,1643.3,1659.85,1643.3,8191127
04-09-2024,1651.9,1635.05,1658,1630.8,9067794
05-09-2024,1627.75,1651.1,1659.95,1623.4,8531700
06-09-2024,1611.05,1627.75,1631.95,1608.05,12566904
09-09-2024,1620.15,1611.05,1636.8,1610,7193307
10-09-2024,1632,1633,1644.35,1624.3,7865530
11-09-2024,1628.35,1627.1,1652.3,1624.25,6066259
12-09-2024,1657.25,1635,1660,1630.55,9147836
13-09-2024,1659.7,1658.9,1669.2,1643.5,30921282
16-09-2024,1659.4,1661.2,1671.85,1654.15,6370038
17-09-2024,1671.8,1660,1683,1656.7,10830621
18-09-2024,1651.6,1673,1673,1638.05,13110103
19-09-2024,1637.7,1660,1668,1632.75,10189742
20-09-2024,1638.65,1645.9,1652.6,1609.8,9809547
23-09-2024,1658.15,1646.85,1664.85,1638,8134497
24-09-2024,1637.55,1625,1659.6,1624.95,8093877
25-09-2024,1643.2,1638,1649,1618.25,5244657
26-09-2024,1621.8,1643.2,1652.45,1602.3,5063902
27-09-2024,1672.5,1630.15,1679.05,1630,12982128
30-09-2024,1654.1,1675,1678.9,1646.3,6123879
01-10-2024,1664.85,1660,1667.05,1651.55,7306001
03-10-2024,1656.55,1661.25,1678,1640.35,5059851
04-10-2024,1623.3,1645.1,1656.4,1577.3,6877039
07-10-2024,1624.65,1623,1644.85,1612.05,8881502
08-10-2024,1640.7,1624.65,1653.2,1623.85,4743517
09-10-2024,1680.5,1630.5,1702.05,1630.5,11285134
10-10-2024,1618.9,1693.95,1694,1614.1,7170285
