Date,Close,Open,High,Low,volume
04-02-2022,841.70,861.40,861.40,836.15,2080640.00
07-02-2022,829.50,841.00,844.70,822.20,1801701.00
08-02-2022,832.05,830.00,837.70,817.15,2729631.00
09-02-2022,840.20,838.00,845.95,833.15,2165223.00
10-02-2022,853.05,844.00,857.75,830.15,6949276.00
11-02-2022,853.65,853.00,861.95,835.60,5146850.00
14-02-2022,825.05,841.75,845.40,780.70,4202165.00
15-02-2022,854.60,828.00,858.00,820.40,2728328.00
16-02-2022,864.25,854.60,878.50,854.60,4401342.00
17-02-2022,862.25,872.00,877.30,859.00,2041741.00
18-02-2022,852.00,857.20,869.75,847.15,1616856.00
21-02-2022,841.10,845.20,850.50,832.00,2255753.00
22-02-2022,853.25,827.00,856.00,823.35,2768989.00
23-02-2022,850.30,856.00,869.70,845.70,2265060.00
24-02-2022,795.80,818.10,831.90,790.50,5677898.00
25-02-2022,807.60,812.70,825.00,802.00,3470318.00
28-02-2022,790.85,807.00,807.00,786.75,5026913.00
02-03-2022,778.35,785.50,810.75,769.00,5779175.00
03-03-2022,762.05,792.00,793.15,760.05,2763929.00
04-03-2022,732.30,750.00,756.00,730.00,4829850.00
07-03-2022,690.55,719.85,719.85,681.75,7008637.00
08-03-2022,700.65,690.55,703.05,671.15,4000294.00
09-03-2022,734.85,705.00,739.90,700.00,5490287.00
10-03-2022,738.85,761.95,762.50,735.00,4064470.00
11-03-2022,734.80,734.00,741.80,728.70,2364792.00
14-03-2022,743.20,734.80,746.00,725.45,3563695.00
15-03-2022,761.20,745.00,769.20,745.00,4811450.00
16-03-2022,773.65,768.85,776.00,765.00,2277631.00
17-03-2022,794.40,785.00,799.90,777.00,3787641.00
21-03-2022,783.50,789.60,791.10,780.10,3008019.00
22-03-2022,785.60,783.00,789.05,769.00,5436875.00
23-03-2022,774.10,790.00,794.20,772.10,3277274.00
24-03-2022,765.65,773.70,780.00,762.65,2248114.00
25-03-2022,764.75,773.00,773.00,758.20,3148869.00
28-03-2022,769.25,764.90,772.70,751.30,4719388.00
29-03-2022,773.35,771.00,783.00,770.70,3519610.00
30-03-2022,793.35,779.30,795.00,775.90,4407033.00
31-03-2022,806.55,798.00,813.00,798.00,7059986.00
01-04-2022,826.55,811.00,829.50,807.70,3406177.00
04-04-2022,833.70,818.00,836.00,810.00,4163250.00
05-04-2022,836.55,837.00,852.00,833.70,2669967.00
06-04-2022,827.85,838.70,838.70,822.95,2049292.00
07-04-2022,834.30,826.00,840.30,822.30,2913537.00
08-04-2022,857.40,830.00,860.65,827.05,4145522.00
11-04-2022,856.85,854.95,861.35,846.20,2922901.00
12-04-2022,860.80,850.00,867.40,843.30,2961076.00
13-04-2022,866.10,862.50,875.00,862.35,3695363.00
18-04-2022,874.10,866.10,876.00,858.10,3076843.00
19-04-2022,872.50,878.10,887.80,865.10,3301212.00
20-04-2022,881.25,873.45,889.90,873.45,2208791.00
21-04-2022,911.00,881.25,914.00,880.75,3206906.00
22-04-2022,920.65,903.80,927.05,889.05,4924905.00
25-04-2022,904.00,914.35,928.00,895.10,5476626.00
26-04-2022,940.15,906.60,942.90,906.60,6384561.00
27-04-2022,926.85,930.00,940.70,922.95,3154605.00
28-04-2022,922.90,945.00,945.00,918.50,2869224.00
29-04-2022,922.10,928.90,939.25,918.00,3467791.00
02-05-2022,921.35,915.00,933.70,909.70,2740823.00
04-05-2022,896.10,917.90,923.95,891.05,2408261.00
05-05-2022,899.05,910.00,921.00,895.65,2690817.00
06-05-2022,893.85,890.00,914.80,887.30,4247088.00
09-05-2022,895.30,880.00,901.90,875.00,1790691.00
10-05-2022,888.35,895.30,910.95,884.10,2436623.00
11-05-2022,887.05,888.60,898.40,876.50,3048794.00
12-05-2022,865.25,884.90,889.00,853.70,4908042.00
13-05-2022,889.50,879.80,905.00,870.10,4956950.00
16-05-2022,903.35,895.00,908.90,892.70,2856221.00
17-05-2022,910.80,907.00,917.00,898.15,3469290.00
18-05-2022,913.30,910.00,922.75,905.20,3203522.00
19-05-2022,882.55,901.00,913.00,880.15,2658159.00
20-05-2022,903.80,896.90,911.35,888.65,3426756.00
23-05-2022,941.90,911.00,943.45,910.25,6613972.00
24-05-2022,946.85,949.00,960.40,943.10,4546511.00
25-05-2022,928.40,953.80,953.80,923.35,1363358.00
26-05-2022,929.80,930.10,933.50,914.80,2384886.00
27-05-2022,952.85,940.00,958.00,923.00,3269005.00
30-05-2022,998.35,972.25,1011.75,957.05,11690785.00
31-05-2022,1034.35,997.95,1043.00,992.00,13301109.00
01-06-2022,1047.35,1035.00,1057.25,1014.80,7889745.00
02-06-2022,1044.55,1044.95,1057.95,1035.00,4081658.00
03-06-2022,1028.65,1050.10,1056.55,1025.70,2660682.00
06-06-2022,1035.95,1028.00,1048.60,1018.00,3443406.00
07-06-2022,1042.55,1034.80,1045.00,1018.10,2162861.00
08-06-2022,1045.00,1056.95,1056.95,1034.25,4293398.00
09-06-2022,1045.10,1036.00,1049.30,1032.00,2757706.00
10-06-2022,1036.50,1033.00,1043.50,1026.60,2425545.00
13-06-2022,1004.30,1023.65,1029.00,998.55,4047155.00
14-06-2022,1019.25,1000.00,1025.00,999.05,3614327.00
15-06-2022,1025.50,1024.65,1039.30,1020.00,3333753.00
16-06-2022,1005.25,1037.70,1037.70,997.00,3255301.00
17-06-2022,997.65,1000.00,1007.95,983.15,5318310.00
20-06-2022,982.70,1005.00,1008.00,979.10,3722583.00
21-06-2022,997.95,982.70,1004.75,981.80,6263423.00
22-06-2022,983.80,995.15,1003.95,972.65,2629024.00
23-06-2022,1027.70,986.00,1031.60,985.20,7303072.00
24-06-2022,1072.05,1036.90,1074.50,1031.60,7273273.00
27-06-2022,1082.70,1089.80,1095.00,1072.05,6316257.00
28-06-2022,1112.00,1082.00,1121.45,1079.45,11020641.00
29-06-2022,1111.75,1106.00,1115.45,1090.70,5052023.00
30-06-2022,1093.15,1109.30,1117.50,1088.05,4165189.00
01-07-2022,1107.35,1092.40,1113.35,1064.00,2839545.00
04-07-2022,1091.20,1101.00,1102.00,1079.40,2784613.00
05-07-2022,1081.95,1091.00,1102.00,1078.00,3675577.00
06-07-2022,1104.55,1082.70,1112.00,1080.60,4957228.00
07-07-2022,1133.30,1119.00,1138.95,1114.60,4917004.00
08-07-2022,1133.60,1184.95,1194.90,1126.15,10482265.00
11-07-2022,1165.05,1128.95,1167.90,1122.65,4520273.00
12-07-2022,1146.65,1164.00,1164.45,1142.00,2452632.00
13-07-2022,1140.35,1153.20,1156.50,1138.10,3379695.00
14-07-2022,1142.65,1134.80,1151.35,1131.20,2423203.00
15-07-2022,1172.50,1143.00,1175.90,1140.40,3879759.00
18-07-2022,1163.40,1179.50,1179.50,1159.25,3480683.00
19-07-2022,1186.25,1161.90,1189.50,1161.00,4056414.00
20-07-2022,1165.65,1195.00,1195.00,1162.50,3028752.00
21-07-2022,1175.15,1167.10,1180.00,1164.80,2062279.00
22-07-2022,1181.10,1180.00,1185.90,1170.30,1983433.00
25-07-2022,1135.85,1185.00,1185.00,1132.00,4380502.00
26-07-2022,1136.00,1134.00,1146.00,1125.15,2598868.00
27-07-2022,1138.10,1140.00,1150.30,1126.80,1647876.00
28-07-2022,1149.15,1142.10,1152.00,1135.35,1929675.00
29-07-2022,1164.45,1158.80,1184.20,1153.25,2230572.00
01-08-2022,1237.75,1189.40,1248.70,1184.25,12673841.00
02-08-2022,1254.50,1237.70,1259.75,1226.20,5626351.00
03-08-2022,1253.70,1259.95,1259.95,1231.00,3820503.00
04-08-2022,1261.80,1264.90,1265.00,1239.05,3075648.00
05-08-2022,1235.90,1278.20,1278.50,1231.25,5766297.00
08-08-2022,1276.70,1245.00,1280.00,1242.65,5412651.00
10-08-2022,1268.05,1277.00,1279.70,1260.25,2530492.00
11-08-2022,1266.20,1277.00,1278.95,1254.00,3077633.00
12-08-2022,1259.45,1265.00,1268.90,1249.30,3355489.00
16-08-2022,1288.30,1280.60,1298.70,1274.65,4085782.00
17-08-2022,1274.25,1294.00,1294.00,1270.05,2197165.00
18-08-2022,1261.15,1274.00,1278.35,1254.70,2659857.00
19-08-2022,1239.40,1270.00,1272.65,1235.50,2513148.00
22-08-2022,1226.70,1239.40,1247.40,1219.05,2443323.00
23-08-2022,1273.10,1219.95,1277.00,1218.00,4449168.00
24-08-2022,1268.30,1274.95,1283.50,1261.00,2570071.00
25-08-2022,1259.65,1274.00,1277.45,1256.70,1769049.00
26-08-2022,1274.65,1279.90,1299.00,1268.80,4325600.00
29-08-2022,1276.80,1249.00,1280.80,1242.15,2554692.00
30-08-2022,1308.70,1284.00,1315.00,1284.00,5078317.00
01-09-2022,1312.05,1280.00,1325.70,1280.00,4913035.00
02-09-2022,1315.95,1318.65,1330.65,1311.20,2316436.00
05-09-2022,1320.55,1319.00,1324.45,1301.10,2271837.00
06-09-2022,1306.40,1325.00,1327.00,1300.60,1930221.00
07-09-2022,1289.70,1291.00,1311.95,1281.20,3162428.00
08-09-2022,1321.90,1305.00,1331.95,1302.00,4026323.00
09-09-2022,1301.25,1338.00,1338.00,1294.05,3415016.00
12-09-2022,1297.05,1308.00,1315.60,1295.00,3077887.00
13-09-2022,1299.85,1309.95,1309.95,1291.00,2460291.00
14-09-2022,1298.05,1283.95,1313.85,1280.00,2955136.00
15-09-2022,1297.05,1305.00,1314.25,1289.05,2555055.00
16-09-2022,1250.10,1291.25,1297.00,1234.50,9047956.00
19-09-2022,1288.65,1259.90,1298.45,1250.10,4476773.00
20-09-2022,1302.95,1300.00,1312.00,1296.55,3780649.00
21-09-2022,1306.65,1308.95,1323.00,1293.60,2887754.00
22-09-2022,1310.40,1297.00,1320.55,1293.00,2010645.00
23-09-2022,1272.30,1305.00,1318.10,1261.00,4639618.00
26-09-2022,1236.40,1250.00,1258.95,1216.30,3345338.00
27-09-2022,1235.75,1242.60,1252.90,1221.20,3588217.00
28-09-2022,1242.40,1233.10,1261.75,1211.25,3361451.00
29-09-2022,1258.35,1255.00,1267.95,1245.70,3474302.00
30-09-2022,1268.20,1256.95,1282.70,1233.05,3320684.00
03-10-2022,1251.35,1269.95,1276.10,1242.05,3150821.00
04-10-2022,1260.35,1265.00,1277.95,1255.00,3011962.00
06-10-2022,1256.90,1268.00,1277.00,1254.50,3531469.00
07-10-2022,1238.85,1260.00,1261.95,1232.95,3501889.00
10-10-2022,1243.00,1234.00,1246.55,1218.00,2230590.00
11-10-2022,1229.55,1249.25,1249.25,1225.50,1569478.00
12-10-2022,1247.90,1235.65,1259.35,1230.10,2884899.00
13-10-2022,1248.20,1255.00,1274.15,1240.50,2137351.00
14-10-2022,1230.30,1267.75,1272.00,1228.00,1696759.00
17-10-2022,1230.00,1227.00,1238.75,1196.50,2158727.00
18-10-2022,1253.80,1236.15,1267.35,1233.50,2722206.00
19-10-2022,1248.40,1259.95,1264.80,1244.00,1449579.00
20-10-2022,1250.00,1241.20,1254.00,1223.55,1831346.00
21-10-2022,1256.75,1253.10,1268.90,1244.15,1750934.00
24-10-2022,1270.95,1261.00,1278.00,1261.00,318933.00
25-10-2022,1281.40,1270.95,1283.85,1259.60,2809493.00
27-10-2022,1294.15,1283.30,1299.85,1279.05,3279938.00
28-10-2022,1311.65,1300.65,1315.90,1290.00,2111224.00
31-10-2022,1348.60,1318.25,1358.50,1316.60,4306893.00
01-11-2022,1354.05,1361.00,1366.55,1349.35,3405472.00
02-11-2022,1352.35,1354.05,1361.00,1338.60,2298917.00
03-11-2022,1335.40,1340.00,1355.00,1328.55,1931917.00
04-11-2022,1338.30,1338.00,1352.00,1331.00,2204968.00
07-11-2022,1351.30,1345.00,1355.60,1336.60,2599224.00
09-11-2022,1337.55,1364.85,1364.85,1331.00,2459869.00
10-11-2022,1298.20,1339.00,1339.00,1290.60,2792546.00
11-11-2022,1287.10,1305.10,1318.75,1278.55,5308986.00
14-11-2022,1278.15,1304.00,1309.70,1268.05,3794391.00
15-11-2022,1291.70,1284.55,1296.30,1275.25,3192070.00
16-11-2022,1286.70,1288.95,1295.00,1276.00,2478281.00
17-11-2022,1259.35,1280.20,1285.00,1254.15,2319979.00
18-11-2022,1227.15,1250.05,1255.95,1217.25,4525364.00
21-11-2022,1218.25,1218.00,1234.90,1202.00,4120736.00
22-11-2022,1228.45,1220.65,1235.45,1215.95,2469455.00
23-11-2022,1235.70,1234.60,1240.35,1224.00,2396267.00
24-11-2022,1254.05,1241.90,1257.00,1238.65,2133523.00
25-11-2022,1260.80,1258.00,1267.70,1246.00,1370326.00
02-12-2022,1264.60,1286.45,1293.80,1260.00,2892150.00
05-12-2022,1259.80,1269.45,1269.45,1252.60,2764806.00
06-12-2022,1263.05,1248.50,1265.45,1248.50,1686075.00
07-12-2022,1266.60,1262.00,1268.90,1252.40,1731982.00
08-12-2022,1274.35,1272.95,1282.00,1269.50,1906386.00
09-12-2022,1265.40,1281.50,1284.65,1256.50,1308941.00
12-12-2022,1264.00,1263.90,1277.30,1256.50,1723401.00
13-12-2022,1283.35,1268.00,1285.95,1267.00,2164600.00
14-12-2022,1286.45,1287.00,1291.00,1276.45,1436837.00
15-12-2022,1286.95,1285.90,1293.50,1281.75,2417555.00
19-12-2022,1290.65,1250.90,1294.90,1245.05,2767603.00
20-12-2022,1275.25,1287.95,1288.00,1263.10,1286604.00
21-12-2022,1265.70,1279.90,1284.50,1258.50,1251993.00
23-12-2022,1224.60,1220.00,1230.00,1208.00,1913648.00
27-12-2022,1234.25,1243.25,1248.50,1223.95,1304940.00
28-12-2022,1252.35,1229.85,1255.00,1225.00,1959508.00
29-12-2022,1262.35,1247.70,1267.60,1238.55,1289676.00
02-01-2023,1262.85,1251.00,1271.00,1242.60,1718385.00
03-01-2023,1249.30,1263.00,1265.00,1246.70,1510751.00
04-01-2023,1236.20,1252.35,1255.80,1231.00,1344532.00
05-01-2023,1252.65,1240.00,1255.00,1231.00,2745160.00
06-01-2023,1264.90,1252.65,1274.95,1248.15,2214972.00
10-01-2023,1314.90,1310.50,1326.40,1305.75,3139930.00
11-01-2023,1312.60,1315.50,1320.00,1300.50,2041750.00
12-01-2023,1319.90,1316.00,1327.00,1310.00,2448619.00
13-01-2023,1328.15,1325.00,1337.00,1311.60,2600139.00
16-01-2023,1315.60,1333.00,1335.25,1302.95,1651972.00
17-01-2023,1320.85,1318.95,1323.85,1304.10,1607137.00
18-01-2023,1322.15,1320.35,1325.00,1308.10,1179938.00
19-01-2023,1319.55,1317.60,1328.70,1312.30,2066881.00
20-01-2023,1314.75,1324.05,1325.00,1311.65,1332666.00
23-01-2023,1328.45,1321.35,1345.95,1312.30,1681075.00
24-01-2023,1323.90,1335.10,1335.10,1321.05,1408040.00
25-01-2023,1311.50,1324.90,1332.00,1306.05,1359090.00
27-01-2023,1320.20,1318.10,1339.80,1286.65,1914769.00
30-01-2023,1331.60,1320.10,1342.00,1305.00,2402331.00
31-01-2023,1378.75,1350.30,1385.50,1335.30,5265862.00
01-02-2023,1352.05,1386.55,1390.00,1322.00,3010838.00
02-02-2023,1352.40,1348.05,1378.20,1330.50,2029111.00
03-02-2023,1388.00,1359.20,1391.95,1350.55,1803085.00
06-02-2023,1376.00,1391.90,1391.90,1360.00,1504382.00
07-02-2023,1366.70,1382.90,1385.00,1361.00,1413825.00
08-02-2023,1373.05,1373.55,1380.00,1360.00,1241238.00
09-02-2023,1372.20,1372.00,1386.00,1363.00,1866387.00
10-02-2023,1365.45,1378.55,1386.95,1350.80,3282665.00
13-02-2023,1353.00,1375.00,1384.00,1325.05,4401219.00
14-02-2023,1363.15,1358.00,1377.00,1350.00,2373179.00
16-02-2023,1368.15,1380.10,1397.00,1363.20,2646301.00
17-02-2023,1341.50,1359.95,1372.55,1332.30,2150027.00
20-02-2023,1346.25,1342.10,1354.95,1332.60,1497314.00
21-02-2023,1351.85,1354.50,1362.40,1341.00,2118816.00
22-02-2023,1319.75,1346.90,1352.85,1311.15,2196484.00
23-02-2023,1313.95,1325.25,1326.25,1305.00,1847879.00
24-02-2023,1280.20,1320.20,1320.55,1278.20,2824384.00
27-02-2023,1257.40,1270.05,1285.40,1248.40,2019964.00
28-02-2023,1269.60,1263.70,1293.25,1260.00,3407211.00
01-03-2023,1272.15,1275.95,1305.55,1269.05,2338935.00
02-03-2023,1251.55,1278.55,1278.55,1250.00,1563750.00
03-03-2023,1268.60,1257.90,1276.95,1253.25,1493291.00
08-03-2023,1289.95,1270.00,1291.95,1258.30,2370800.00
10-03-2023,1226.70,1249.00,1256.70,1225.35,2664696.00
13-03-2023,1193.45,1222.70,1231.00,1182.45,3842775.00
14-03-2023,1160.80,1192.30,1192.40,1156.85,5379592.00
15-03-2023,1160.35,1167.00,1174.40,1153.20,2226887.00
16-03-2023,1167.05,1160.00,1175.25,1140.15,3604480.00
17-03-2023,1171.50,1172.90,1186.25,1152.00,3683701.00
20-03-2023,1167.65,1169.95,1179.15,1145.00,2082268.00
21-03-2023,1160.30,1170.60,1175.00,1156.40,2209422.00
22-03-2023,1164.10,1167.50,1180.50,1159.15,2211909.00
23-03-2023,1164.95,1161.00,1175.00,1153.80,2594282.00
24-03-2023,1150.80,1160.55,1170.55,1147.10,1839876.00
27-03-2023,1137.90,1141.50,1150.60,1125.50,2446528.00
28-03-2023,1128.30,1143.60,1149.00,1123.40,1903339.00
29-03-2023,1144.30,1133.95,1152.45,1132.00,4003003.00
31-03-2023,1158.70,1147.60,1163.00,1145.85,2343070.00
03-04-2023,1169.90,1161.30,1180.00,1155.30,2546562.00
05-04-2023,1155.45,1172.00,1173.30,1151.95,2028469.00
06-04-2023,1171.25,1154.00,1175.00,1148.30,2029418.00
10-04-2023,1188.60,1171.25,1191.00,1171.25,2586918.00
12-04-2023,1207.35,1203.50,1212.95,1198.60,2469405.00
13-04-2023,1204.55,1213.45,1222.20,1199.55,4470196.00
17-04-2023,1212.95,1218.95,1218.95,1203.40,1956198.00
18-04-2023,1204.70,1213.00,1217.90,1202.60,2075066.00
19-04-2023,1215.50,1204.65,1217.95,1203.40,1818732.00
20-04-2023,1218.60,1218.00,1224.90,1214.55,2172677.00
21-04-2023,1212.75,1221.95,1221.95,1209.05,1015815.00
24-04-2023,1207.75,1210.40,1217.10,1196.00,1389756.00
25-04-2023,1209.85,1207.75,1215.00,1199.40,1360260.00
26-04-2023,1213.55,1212.00,1217.25,1205.30,1708865.00
27-04-2023,1224.00,1210.05,1225.00,1210.05,1340045.00
28-04-2023,1226.90,1225.00,1228.75,1211.50,2333102.00
02-05-2023,1237.30,1230.00,1240.80,1217.50,2607580.00
03-05-2023,1235.45,1237.30,1242.00,1230.10,1307304.00
04-05-2023,1231.70,1235.00,1238.05,1228.00,1541188.00
05-05-2023,1211.20,1232.80,1242.35,1208.05,4753718.00
08-05-2023,1231.80,1216.95,1239.85,1213.70,3513667.00
09-05-2023,1245.45,1239.00,1250.00,1234.05,1846359.00
10-05-2023,1248.65,1250.00,1255.80,1235.00,2108081.00
11-05-2023,1251.30,1250.00,1260.85,1244.15,4100467.00
12-05-2023,1275.95,1256.40,1278.80,1251.30,2427624.00
15-05-2023,1285.65,1279.90,1287.75,1272.60,2647630.00
16-05-2023,1262.45,1287.00,1291.70,1258.85,1571371.00
17-05-2023,1263.10,1265.00,1271.70,1260.70,1643851.00
18-05-2023,1245.50,1269.95,1269.95,1241.25,1900447.00
19-05-2023,1260.40,1252.90,1262.45,1237.45,1588996.00
22-05-2023,1265.55,1259.25,1269.45,1251.30,917769.00
23-05-2023,1268.55,1265.55,1270.75,1256.55,1803955.00
24-05-2023,1275.70,1260.00,1278.00,1254.50,1369297.00
25-05-2023,1277.80,1280.00,1280.80,1257.55,2040166.00
26-05-2023,1281.85,1290.00,1292.80,1268.35,3508112.00
29-05-2023,1330.15,1321.50,1350.00,1298.00,6185862.00
30-05-2023,1328.45,1329.95,1335.30,1320.00,2493657.00
31-05-2023,1319.00,1325.00,1328.25,1303.25,5629378.00
01-06-2023,1318.90,1319.00,1337.70,1312.80,2364455.00
02-06-2023,1341.40,1324.85,1345.00,1320.30,2313841.00
05-06-2023,1395.40,1349.80,1401.00,1346.35,5105293.00
06-06-2023,1411.20,1395.40,1414.90,1388.05,2335838.00
08-06-2023,1381.05,1412.70,1415.55,1377.50,1776230.00
09-06-2023,1370.65,1380.75,1387.00,1363.00,1881329.00
12-06-2023,1381.40,1377.90,1384.80,1369.30,1389300.00
13-06-2023,1373.15,1383.15,1388.50,1368.20,2516583.00
14-06-2023,1378.65,1374.00,1381.00,1366.00,905086.00
15-06-2023,1392.75,1381.80,1407.20,1371.50,1720070.00
16-06-2023,1403.85,1399.00,1409.80,1393.40,2132678.00
19-06-2023,1402.55,1409.50,1415.35,1396.00,1476764.00
20-06-2023,1396.45,1402.60,1409.90,1380.70,1042428.00
21-06-2023,1374.25,1394.05,1403.40,1370.65,2008628.00
23-06-2023,1373.25,1376.90,1379.60,1368.50,1258590.00
26-06-2023,1397.65,1375.00,1404.90,1369.95,2281046.00
27-06-2023,1402.40,1406.70,1417.00,1393.60,2737379.00
28-06-2023,1395.00,1408.95,1413.75,1390.15,2611913.00
30-06-2023,1453.60,1402.65,1461.00,1400.00,4114865.00
03-07-2023,1467.95,1470.00,1498.05,1459.30,3615176.00
04-07-2023,1464.45,1487.00,1487.00,1462.10,1595700.00
05-07-2023,1475.35,1463.95,1478.00,1457.10,1456527.00
06-07-2023,1548.80,1477.85,1552.90,1472.65,5628945.00
07-07-2023,1564.15,1546.90,1591.95,1539.30,6905845.00
10-07-2023,1551.40,1567.00,1579.00,1545.95,2276342.00
11-07-2023,1569.45,1558.25,1576.00,1550.40,1563376.00
12-07-2023,1570.85,1569.00,1579.65,1541.65,2658457.00
13-07-2023,1566.90,1576.00,1594.80,1558.45,1859405.00
14-07-2023,1546.55,1562.70,1566.90,1542.70,2174792.00
17-07-2023,1536.30,1559.00,1559.00,1529.50,1520990.00
18-07-2023,1534.70,1536.00,1542.15,1526.00,1059058.00
19-07-2023,1544.45,1530.20,1549.50,1524.00,1081196.00
20-07-2023,1545.35,1550.05,1553.75,1530.55,1538263.00
21-07-2023,1523.50,1548.95,1552.60,1518.85,1668783.00
24-07-2023,1546.85,1522.00,1557.00,1514.95,2129706.00
25-07-2023,1565.75,1551.45,1569.50,1548.05,1996604.00
26-07-2023,1544.85,1570.15,1574.00,1532.00,2100855.00
27-07-2023,1447.40,1499.00,1500.00,1438.35,11879512.00
28-07-2023,1467.80,1460.00,1471.00,1450.00,4714146.00
31-07-2023,1475.20,1476.80,1479.00,1457.60,2460789.00
01-08-2023,1493.35,1475.20,1504.00,1470.20,4184243.00
02-08-2023,1485.30,1493.35,1497.00,1465.25,3188395.00
03-08-2023,1469.15,1485.00,1501.55,1447.60,2222395.00
04-08-2023,1464.65,1481.00,1502.45,1415.75,8066091.00
07-08-2023,1526.90,1489.00,1531.00,1480.75,9257291.00
08-08-2023,1499.70,1530.00,1534.00,1485.00,3426948.00
09-08-2023,1534.75,1505.00,1537.55,1492.25,3713003.00
10-08-2023,1545.40,1534.50,1556.05,1531.80,3600607.00
11-08-2023,1546.45,1548.55,1559.60,1533.05,2402812.00
14-08-2023,1546.85,1544.95,1550.75,1524.00,1875450.00
17-08-2023,1573.50,1573.00,1579.05,1560.15,2377711.00
18-08-2023,1552.65,1568.75,1582.55,1544.60,2202570.00
21-08-2023,1538.55,1546.00,1552.65,1531.75,1487526.00
22-08-2023,1550.50,1538.00,1555.00,1534.75,975607.00
23-08-2023,1542.45,1546.05,1554.85,1536.10,1405076.00
24-08-2023,1542.20,1550.05,1554.95,1528.05,2111147.00
28-08-2023,1549.25,1528.00,1553.00,1524.10,2132512.00
29-08-2023,1560.85,1554.90,1564.35,1540.00,1325882.00
30-08-2023,1583.20,1569.00,1589.00,1559.80,3140040.00
31-08-2023,1575.40,1588.95,1590.00,1567.15,3512885.00
01-09-2023,1591.95,1577.00,1604.50,1575.00,2147299.00
04-09-2023,1576.40,1605.90,1605.90,1564.20,2200142.00
05-09-2023,1571.15,1577.60,1584.10,1565.25,1078759.00
06-09-2023,1577.00,1577.00,1580.90,1558.70,1301466.00
07-09-2023,1565.75,1572.20,1577.90,1560.25,1514369.00
08-09-2023,1567.55,1565.10,1578.00,1560.00,1223910.00
11-09-2023,1582.10,1567.65,1589.00,1564.00,1921950.00
12-09-2023,1557.95,1582.20,1589.45,1513.05,3770868.00
13-09-2023,1536.95,1564.00,1568.60,1530.10,2382637.00
14-09-2023,1566.00,1545.00,1575.40,1538.35,2220196.00
15-09-2023,1601.10,1579.65,1610.70,1571.85,5425897.00
18-09-2023,1641.45,1608.75,1670.00,1602.10,6887528.00
20-09-2023,1634.00,1620.10,1665.00,1620.10,6116670.00
21-09-2023,1583.25,1637.80,1656.20,1575.10,2898266.00
22-09-2023,1607.15,1580.00,1617.95,1566.10,3827771.00
25-09-2023,1589.45,1612.95,1620.00,1582.35,3231962.00
26-09-2023,1595.20,1589.45,1606.60,1582.00,1479841.00
27-09-2023,1589.20,1594.85,1599.60,1583.25,1991198.00
28-09-2023,1556.05,1595.95,1596.90,1544.00,2369699.00
29-09-2023,1554.25,1574.00,1576.50,1550.10,1254881.00
03-10-2023,1537.40,1597.20,1598.00,1533.05,3436776.00
04-10-2023,1522.10,1531.80,1537.90,1501.75,2580901.00
05-10-2023,1537.95,1533.00,1550.80,1513.05,1991367.00
06-10-2023,1548.85,1545.00,1554.00,1540.35,1743027.00
09-10-2023,1515.20,1540.00,1541.25,1514.00,2123175.00
10-10-2023,1537.85,1521.45,1543.85,1519.20,1956653.00
11-10-2023,1556.30,1540.00,1559.15,1540.00,1536986.00
12-10-2023,1566.65,1559.00,1570.05,1555.60,1731806.00
13-10-2023,1562.45,1560.50,1574.40,1550.30,1465554.00
16-10-2023,1574.55,1562.85,1577.25,1558.50,1089610.00
17-10-2023,1576.60,1575.00,1583.90,1568.60,997962.00
18-10-2023,1574.85,1576.60,1579.45,1561.75,1212994.00
19-10-2023,1569.55,1553.35,1578.90,1553.35,1239578.00
20-10-2023,1558.25,1566.00,1575.00,1545.10,1435102.00
23-10-2023,1565.15,1548.25,1574.90,1546.50,4069167.00
25-10-2023,1569.10,1574.00,1576.60,1547.00,2510769.00
26-10-2023,1506.10,1554.00,1558.20,1500.00,3343802.00
30-10-2023,1497.80,1502.10,1515.45,1463.20,2637486.00
31-10-2023,1458.60,1494.20,1497.30,1455.55,2555737.00
01-11-2023,1454.60,1464.90,1485.00,1450.00,2627536.00
02-11-2023,1469.70,1465.00,1477.50,1452.50,2091122.00
03-11-2023,1469.00,1480.00,1488.10,1460.45,2456723.00
06-11-2023,1488.30,1481.80,1492.20,1473.55,1271868.00
08-11-2023,1487.40,1485.05,1489.40,1474.00,1342202.00
09-11-2023,1552.05,1487.40,1558.70,1487.40,4831782.00
10-11-2023,1524.10,1550.00,1551.00,1515.30,4872228.00
13-11-2023,1540.25,1526.25,1543.30,1513.05,1968032.00
15-11-2023,1544.15,1549.00,1550.80,1533.55,2782942.00
16-11-2023,1569.50,1544.20,1583.95,1538.50,3224223.00
17-11-2023,1584.55,1575.00,1596.00,1572.65,2035309.00
20-11-2023,1552.20,1589.80,1589.80,1540.60,2918577.00
21-11-2023,1559.75,1553.00,1571.40,1549.15,2213144.00
22-11-2023,1543.45,1560.00,1564.65,1535.00,1269475.00
24-11-2023,1553.20,1549.00,1559.50,1547.50,1239270.00
29-11-2023,1619.10,1576.00,1623.40,1567.25,3581220.00
30-11-2023,1647.75,1615.05,1660.00,1613.70,5214960.00
01-12-2023,1625.50,1656.00,1666.00,1621.20,2489755.00
04-12-2023,1656.85,1662.85,1675.00,1639.45,3001010.00
05-12-2023,1686.05,1660.90,1708.00,1640.60,3423953.00
06-12-2023,1702.40,1688.10,1710.45,1684.15,2279220.00
07-12-2023,1692.65,1703.00,1706.00,1681.65,2461051.00
11-12-2023,1652.20,1674.00,1674.45,1647.10,2037178.00
12-12-2023,1635.40,1663.00,1670.00,1626.50,2051527.00
13-12-2023,1666.15,1639.00,1670.50,1629.55,2247441.00
15-12-2023,1724.95,1727.90,1739.60,1698.00,3858594.00
18-12-2023,1710.80,1720.00,1731.85,1698.75,1739425.00
19-12-2023,1699.35,1720.00,1723.85,1691.30,1660221.00
20-12-2023,1646.95,1710.00,1711.95,1640.60,3047660.00
21-12-2023,1633.85,1635.00,1653.15,1620.40,3211338.00
22-12-2023,1634.25,1630.00,1652.00,1622.75,2751274.00
26-12-2023,1662.25,1640.90,1669.00,1634.50,1203594.00
27-12-2023,1687.95,1670.00,1691.80,1660.25,1793638.00
28-12-2023,1734.45,1688.95,1739.95,1688.40,2963938.00
29-12-2023,1729.40,1730.00,1758.00,1715.00,2273255.00
01-01-2024,1703.30,1729.40,1730.00,1699.00,1307485.00
02-01-2024,1656.20,1703.60,1705.00,1649.45,2857334.00
03-01-2024,1655.25,1672.00,1678.20,1648.05,1927812.00
04-01-2024,1641.70,1666.90,1674.45,1638.20,2835768.00
05-01-2024,1642.00,1647.95,1661.50,1636.50,1709313.00
08-01-2024,1616.15,1648.15,1653.40,1606.10,1492195.00
09-01-2024,1629.90,1625.00,1636.80,1615.00,2542484.00
10-01-2024,1632.80,1645.00,1647.45,1621.35,1954233.00
11-01-2024,1628.65,1643.90,1651.25,1625.85,2228002.00
12-01-2024,1624.45,1630.00,1633.85,1601.50,3061539.00
15-01-2024,1635.55,1635.00,1640.90,1616.10,1405514.00
17-01-2024,1597.70,1612.00,1615.00,1591.00,2548169.00
18-01-2024,1617.25,1600.00,1623.30,1580.65,2328588.00
19-01-2024,1655.55,1624.95,1659.00,1622.25,2836976.00
23-01-2024,1595.20,1619.00,1647.60,1588.25,2772880.00
24-01-2024,1628.10,1595.00,1632.30,1575.00,2543323.00
25-01-2024,1635.50,1631.60,1642.75,1603.90,2038472.00
29-01-2024,1640.00,1635.50,1645.00,1625.00,3075670.00
30-01-2024,1620.35,1649.95,1659.50,1614.45,2569098.00
31-01-2024,1651.55,1615.05,1658.30,1609.05,3154787.00
01-02-2024,1651.15,1659.25,1702.60,1645.55,4065784.00
02-02-2024,1660.75,1655.00,1687.05,1650.00,3304158.00
05-02-2024,1703.55,1676.70,1712.85,1665.10,3525423.00
06-02-2024,1727.65,1710.95,1730.00,1706.00,2219874.00
07-02-2024,1721.00,1731.45,1752.00,1715.70,1213661.00
08-02-2024,1685.90,1729.00,1743.90,1675.55,2550690.00
09-02-2024,1646.40,1686.00,1689.75,1628.00,2033950.00
12-02-2024,1660.45,1654.00,1675.05,1640.55,1197925.00
13-02-2024,1646.75,1670.00,1679.40,1623.45,2075130.00
14-02-2024,1657.05,1631.00,1679.65,1623.90,4368695.00
15-02-2024,1765.05,1681.05,1784.90,1668.10,9887134.00
16-02-2024,1835.55,1788.00,1864.65,1776.85,7188957.00
19-02-2024,1848.55,1836.05,1856.45,1820.00,2682236.00
20-02-2024,1853.65,1837.40,1860.00,1820.50,1830562.00
21-02-2024,1859.65,1849.90,1889.70,1846.70,4466234.00
22-02-2024,1910.35,1870.95,1917.00,1853.00,3360123.00
23-02-2024,1929.95,1926.35,1947.85,1901.10,3323441.00
26-02-2024,1929.80,1935.00,1951.00,1925.20,2436063.00
27-02-2024,1950.60,1926.00,1956.95,1915.05,2821465.00
28-02-2024,1901.65,1951.95,1953.15,1897.05,2010429.00
29-02-2024,1932.40,1902.85,1950.90,1892.55,5539065.00
01-03-2024,1972.95,1933.60,1982.30,1930.50,3384932.00
04-03-2024,1921.05,1967.00,1974.95,1919.05,1645331.00
06-03-2024,1970.65,1945.00,1979.90,1922.00,1673183.00
07-03-2024,1897.55,1930.15,1932.15,1884.30,18323831.00
11-03-2024,1894.35,1913.00,1913.70,1873.30,3250782.00
12-03-2024,1895.15,1892.00,1898.35,1876.65,3186510.00
13-03-2024,1853.70,1896.00,1901.40,1844.25,4270994.00
14-03-2024,1890.55,1853.70,1895.60,1844.60,2388133.00
15-03-2024,1799.50,1875.00,1882.10,1788.80,5504948.00
18-03-2024,1856.05,1807.95,1867.40,1801.05,3404076.00
19-03-2024,1843.90,1856.05,1865.00,1826.80,2189225.00
20-03-2024,1844.40,1851.95,1859.05,1820.55,1550415.00
21-03-2024,1865.85,1859.95,1875.00,1845.00,2072960.00
22-03-2024,1878.80,1865.85,1905.45,1847.25,3786990.00
26-03-2024,1863.95,1878.20,1917.50,1861.10,4092744.00
27-03-2024,1881.15,1869.90,1899.90,1855.30,4196597.00
28-03-2024,1921.35,1881.15,1962.95,1870.35,3790854.00
01-04-2024,1915.95,1938.00,1963.85,1891.80,2765845.00
03-04-2024,1989.30,1967.00,2003.30,1956.20,3615370.00
04-04-2024,2002.70,1999.00,2015.00,1963.20,3007920.00
05-04-2024,2013.30,1995.35,2027.45,1992.25,2767027.00
08-04-2024,2078.10,2018.00,2087.00,2016.90,2781568.00
10-04-2024,2076.20,2098.45,2108.60,2070.00,2280814.00
12-04-2024,2070.95,2084.00,2087.50,2051.65,4008660.00
15-04-2024,2053.45,2055.25,2083.90,2035.00,2024919.00
16-04-2024,2031.30,2047.05,2073.75,2027.75,1981730.00
18-04-2024,2024.95,2031.30,2087.00,2016.50,3539862.00
19-04-2024,2082.90,2034.00,2087.00,1998.20,3253248.00
22-04-2024,2090.65,2124.55,2133.00,2065.00,2449171.00
23-04-2024,2062.60,2096.00,2114.00,2056.85,2886136.00
25-04-2024,2096.85,2060.00,2113.95,2041.90,3084498.00
26-04-2024,2044.90,2099.55,2103.00,2038.80,2952484.00
29-04-2024,2062.05,2045.50,2068.35,2001.00,2724604.00
30-04-2024,2156.35,2073.05,2169.00,2073.05,5745143.00
02-05-2024,2185.15,2165.10,2204.00,2165.10,3347541.00
03-05-2024,2193.00,2210.00,2210.00,2172.35,3859227.00
06-05-2024,2224.95,2200.45,2240.00,2190.00,2111447.00
07-05-2024,2191.50,2236.00,2236.90,2164.85,1727823.00
08-05-2024,2182.40,2191.70,2195.00,2160.00,1993202.00
09-05-2024,2212.55,2185.55,2256.75,2185.00,3998822.00
10-05-2024,2193.05,2211.85,2231.65,2183.00,3045912.00
13-05-2024,2184.25,2208.00,2208.05,2160.00,2575573.00
14-05-2024,2269.90,2175.00,2280.35,2175.00,3830189.00
15-05-2024,2302.30,2281.30,2317.15,2256.00,2569084.00
16-05-2024,2371.75,2319.45,2393.90,2286.20,7444517.00
17-05-2024,2514.60,2425.35,2557.95,2425.35,9796445.00
21-05-2024,2522.65,2503.00,2536.95,2467.00,3747292.00
22-05-2024,2521.05,2521.70,2535.00,2490.00,2974921.00
23-05-2024,2609.20,2520.00,2617.40,2500.25,4715263.00
24-05-2024,2579.75,2589.80,2605.00,2572.40,2919241.00
27-05-2024,2549.10,2581.15,2589.75,2541.00,3328559.00
28-05-2024,2552.80,2550.00,2581.95,2548.00,1549203.00
29-05-2024,2533.65,2510.25,2547.00,2500.60,2720451.00
30-05-2024,2493.50,2518.00,2531.45,2478.00,3367101.00
31-05-2024,2506.25,2517.75,2569.20,2495.15,8769724.00
04-06-2024,2572.90,2634.25,2639.00,2448.20,6372249.00
05-06-2024,2740.95,2572.90,2753.70,2571.80,4242881.00
06-06-2024,2699.85,2745.00,2761.90,2670.90,4992660.00
07-06-2024,2857.45,2668.35,2867.60,2668.35,6447821.00
10-06-2024,2807.55,2861.00,2886.00,2800.00,2021106.00
11-06-2024,2835.55,2821.00,2855.00,2813.40,2298974.00
12-06-2024,2787.55,2835.55,2848.60,2782.05,2580846.00
13-06-2024,2861.70,2850.00,2879.10,2788.65,2492637.00
14-06-2024,2928.60,2875.00,2946.00,2865.00,3515019.00
18-06-2024,2961.90,2965.00,3013.50,2956.65,4887512.00
19-06-2024,2933.85,2975.00,2977.00,2926.45,3512298.00
20-06-2024,2871.20,2945.05,2954.75,2857.30,4024418.00
21-06-2024,2839.95,2884.75,2920.90,2825.05,8400461.00
24-06-2024,2915.80,2836.50,2923.95,2813.05,2699784.00
25-06-2024,2909.40,2921.20,2947.00,2891.05,1910886.00
26-06-2024,2851.50,2907.05,2912.95,2844.60,3282318.00
27-06-2024,2888.95,2842.00,2905.00,2793.05,6900180.00
28-06-2024,2866.65,2855.00,2896.00,2855.00,2548169.00
01-07-2024,2875.85,2841.00,2894.05,2838.25,1718501.00
02-07-2024,2865.15,2890.20,2891.00,2850.00,1507890.00
03-07-2024,2877.95,2871.00,2895.00,2865.10,1019710.00
04-07-2024,2902.80,2890.00,2922.00,2885.05,1502213.00
05-07-2024,2880.60,2886.00,2886.00,2840.00,1966103.00
08-07-2024,2851.35,2880.60,2918.60,2847.50,1631998.00
09-07-2024,2925.50,2855.35,2940.00,2837.25,2902129.00
10-07-2024,2732.00,2930.00,2930.00,2697.90,14481615.00
11-07-2024,2698.05,2757.95,2757.95,2691.00,4314565.00
12-07-2024,2703.95,2689.65,2722.30,2687.15,3398732.00
15-07-2024,2731.05,2722.85,2739.00,2708.10,2017720.00
16-07-2024,2756.75,2754.95,2766.85,2740.00,1925983.00
18-07-2024,2819.45,2756.00,2825.95,2736.50,4122844.00
19-07-2024,2749.30,2819.95,2819.95,2743.00,2042568.00
22-07-2024,2804.75,2751.05,2819.00,2725.00,2208103.00
23-07-2024,2821.35,2824.00,2854.50,2743.40,2572524.00
24-07-2024,2805.50,2823.00,2830.40,2763.65,2276082.00
25-07-2024,2811.40,2799.80,2827.00,2781.80,1857122.00
26-07-2024,2887.80,2821.60,2897.40,2790.00,2352661.00
29-07-2024,2933.00,2900.00,2945.00,2875.50,2388937.00
30-07-2024,2922.10,2945.00,2950.00,2904.60,2290006.00
31-07-2024,2907.80,2937.00,2979.60,2872.95,4238740.00
01-08-2024,2828.40,2926.50,2926.50,2820.10,4971708.00
02-08-2024,2749.65,2810.30,2810.30,2733.85,3041513.00
05-08-2024,2678.95,2679.65,2729.20,2635.80,3731770.00
06-08-2024,2632.95,2688.30,2748.75,2625.70,3069277.00
07-08-2024,2680.85,2697.50,2704.75,2661.00,2479171.00
08-08-2024,2682.95,2660.50,2716.50,2656.50,2673182.00
09-08-2024,2749.15,2734.00,2765.00,2705.00,2279076.00
12-08-2024,2717.65,2749.15,2757.00,2708.70,2321474.00
13-08-2024,2718.05,2718.10,2738.65,2704.10,1292521.00
14-08-2024,2745.25,2728.80,2771.95,2715.30,2609359.00
16-08-2024,2840.45,2789.00,2845.05,2776.15,4376092.00
19-08-2024,2765.15,2859.90,2859.90,2760.00,2500718.00
20-08-2024,2771.30,2779.75,2783.20,2748.50,1762399.00
21-08-2024,2769.40,2774.00,2780.95,2755.00,1497501.00
22-08-2024,2732.95,2771.10,2775.75,2724.05,2346622.00
23-08-2024,2759.00,2732.95,2769.00,2725.30,1943539.00
26-08-2024,2793.10,2764.95,2799.00,2753.10,2765969.00
27-08-2024,2780.80,2797.95,2800.00,2773.95,1604159.00
28-08-2024,2798.00,2781.90,2827.00,2780.80,1851275.00
29-08-2024,2757.60,2789.35,2801.65,2741.65,2237121.00
30-08-2024,2805.40,2780.00,2821.55,2765.00,4895220.00
02-09-2024,2777.00,2848.80,2848.80,2756.50,2270687.00
05-09-2024,2723.10,2756.20,2760.00,2711.90,2360312.00
06-09-2024,2698.10,2723.00,2738.90,2680.10,2835519.00
09-09-2024,2708.85,2688.15,2714.30,2660.05,1269082.00
10-09-2024,2690.00,2691.25,2715.00,2677.00,2034126.00
11-09-2024,2654.25,2681.50,2708.00,2644.10,2034245.00
13-09-2024,2739.10,2755.00,2758.55,2711.75,2102332.00
16-09-2024,2757.40,2740.20,2784.30,2732.05,1234752.00
17-09-2024,2787.65,2765.00,2793.50,2745.30,1387175.00
20-09-2024,2950.85,2798.70,2960.00,2798.50,12492909.00
23-09-2024,3049.80,2962.75,3056.90,2956.15,3925490.00
24-09-2024,3074.30,3020.00,3098.55,3020.00,3697722.00
25-09-2024,3091.05,3045.00,3149.00,3034.55,4218815.00
26-09-2024,3181.10,3072.00,3197.20,3045.65,4753617.00
30-09-2024,3094.90,3163.15,3179.00,3087.00,3554400.00
01-10-2024,3165.50,3105.50,3185.45,3095.80,4028211.00
03-10-2024,3129.85,3085.00,3171.00,3072.45,3237011.00
04-10-2024,3017.45,3127.05,3157.60,3009.50,4281562.00
