Date,Close,Open,High,low,volume
04-02-2022,8550.55,8639.90,8680.00,8492.10,404421.00
07-02-2022,8511.65,8545.00,8615.00,8400.00,446099.00
08-02-2022,8599.45,8616.70,8789.10,8436.05,998182.00
09-02-2022,8949.45,8622.00,8989.80,8622.00,1403525.00
10-02-2022,8805.45,9050.00,9050.00,8789.90,811887.00
11-02-2022,8737.15,8738.00,8865.00,8673.30,671572.00
14-02-2022,8366.40,8500.00,8615.05,8325.00,995540.00
15-02-2022,8622.70,8410.00,8664.25,8356.50,682766.00
16-02-2022,8582.95,8720.00,8736.40,8544.00,422704.00
17-02-2022,8552.45,8575.00,8658.30,8525.00,305313.00
18-02-2022,8569.10,8550.00,8645.95,8520.05,385273.00
21-02-2022,8612.70,8544.05,8724.25,8443.60,626049.00
22-02-2022,8622.80,8495.00,8659.80,8384.85,620828.00
23-02-2022,8698.85,8690.00,8789.95,8655.20,557954.00
24-02-2022,8210.15,8402.00,8587.25,8155.00,947351.00
25-02-2022,8356.10,8260.00,8466.00,8209.55,1344343.00
28-02-2022,8314.15,8300.00,8339.95,8114.10,961303.00
02-03-2022,7814.20,8197.70,8199.00,7764.00,1783011.00
03-03-2022,7595.55,7924.00,7939.95,7558.50,1050154.00
04-03-2022,7247.30,7482.00,7519.20,7130.00,2511658.00
07-03-2022,6769.05,6992.00,7029.85,6730.00,2469925.00
08-03-2022,6806.30,6705.00,6855.00,6536.55,2840376.00
09-03-2022,7026.85,6874.00,7078.10,6777.00,1827539.00
10-03-2022,7211.80,7255.00,7399.85,7177.30,1535070.00
11-03-2022,7102.55,7200.00,7200.00,7080.00,1024452.00
14-03-2022,7316.75,7050.00,7335.00,7012.00,1023874.00
15-03-2022,7420.10,7321.00,7620.00,7318.00,1586111.00
16-03-2022,7485.80,7570.00,7595.75,7440.00,584457.00
17-03-2022,7693.00,7574.00,7741.95,7530.00,1133271.00
21-03-2022,7705.55,7844.00,7940.00,7650.00,1354525.00
22-03-2022,7766.65,7714.95,7809.00,7536.65,1093502.00
23-03-2022,7644.85,7800.00,7862.80,7611.00,808597.00
24-03-2022,7556.95,7599.30,7655.00,7526.35,565485.00
25-03-2022,7415.45,7515.00,7542.30,7385.00,686637.00
28-03-2022,7477.35,7425.00,7539.00,7413.00,599515.00
29-03-2022,7439.15,7535.00,7563.10,7401.00,446257.00
30-03-2022,7598.60,7521.00,7629.95,7490.00,589206.00
31-03-2022,7561.30,7598.55,7652.75,7528.00,434317.00
01-04-2022,7700.05,7574.00,7729.00,7517.35,449386.00
04-04-2022,7774.80,7650.00,7794.00,7631.65,491029.00
05-04-2022,7761.85,7781.00,7900.00,7730.00,488132.00
06-04-2022,7744.20,7739.00,7849.00,7675.00,393628.00
07-04-2022,7640.50,7659.75,7748.00,7621.05,458566.00
08-04-2022,7557.95,7708.80,7730.50,7515.40,849846.00
11-04-2022,7565.40,7614.85,7616.55,7485.00,496254.00
12-04-2022,7618.35,7540.00,7711.50,7500.00,598047.00
13-04-2022,7469.50,7618.35,7704.95,7440.00,527991.00
18-04-2022,7573.50,7374.50,7599.00,7355.00,551783.00
19-04-2022,7435.10,7580.00,7678.00,7350.00,425990.00
20-04-2022,7666.70,7499.00,7699.00,7472.60,542622.00
21-04-2022,7879.20,7709.80,7899.80,7686.05,772708.00
22-04-2022,7904.50,7789.00,8016.65,7731.00,960818.00
25-04-2022,7912.35,7810.00,7998.00,7810.00,701521.00
26-04-2022,7906.75,8000.00,8067.50,7830.00,801963.00
27-04-2022,7788.40,7851.00,7865.00,7720.00,570519.00
28-04-2022,7888.15,7844.00,7940.00,7766.70,561932.00
29-04-2022,7717.80,7918.00,7946.50,7626.00,1162749.00
02-05-2022,7634.75,7665.00,7750.00,7544.30,544053.00
04-05-2022,7397.90,7650.00,7747.00,7356.50,599211.00
05-05-2022,7407.65,7450.00,7538.00,7380.15,524174.00
06-05-2022,7279.25,7314.00,7359.90,7156.65,650559.00
09-05-2022,7360.30,7201.50,7424.50,7130.00,570578.00
10-05-2022,7515.90,7350.15,7575.00,7350.15,663616.00
11-05-2022,7396.45,7519.00,7559.55,7346.60,605312.00
12-05-2022,7253.65,7221.50,7323.95,7210.80,571754.00
13-05-2022,7101.95,7340.00,7340.00,7062.35,703097.00
16-05-2022,7247.60,7157.00,7305.35,7150.00,369545.00
17-05-2022,7532.80,7280.00,7584.65,7255.05,811448.00
18-05-2022,7566.55,7566.00,7640.15,7509.60,576970.00
19-05-2022,7404.55,7450.00,7525.00,7385.05,363255.00
20-05-2022,7586.60,7520.55,7648.90,7450.00,742204.00
23-05-2022,7897.45,7800.10,7954.85,7776.10,1161175.00
24-05-2022,7802.65,7919.00,7941.95,7791.30,581609.00
25-05-2022,7787.25,7840.00,7859.50,7696.05,454335.00
26-05-2022,7805.00,7800.00,7839.95,7620.00,476799.00
27-05-2022,7942.95,7925.00,7965.90,7833.00,431411.00
30-05-2022,8013.90,7980.20,8060.00,7951.00,389517.00
31-05-2022,7966.35,8013.90,8100.00,7900.00,2494005.00
01-06-2022,7939.40,7975.05,8068.90,7880.10,522004.00
02-06-2022,7925.40,7925.00,7972.00,7855.60,352848.00
03-06-2022,7705.05,7950.00,7995.00,7681.00,591905.00
06-06-2022,7710.55,7690.00,7776.90,7591.45,606990.00
07-06-2022,7809.40,7615.05,7820.00,7555.00,991192.00
08-06-2022,7892.45,7824.00,7921.00,7720.70,813596.00
09-06-2022,7929.85,7848.00,8010.00,7830.10,687937.00
10-06-2022,7935.10,7826.00,7988.20,7826.00,442921.00
13-06-2022,7901.60,7849.95,7967.35,7793.75,565826.00
14-06-2022,7811.65,7805.00,7901.40,7750.00,553462.00
15-06-2022,7853.45,7816.00,7929.00,7816.00,604566.00
16-06-2022,7833.60,7938.00,8025.00,7805.00,1319566.00
17-06-2022,7688.15,7805.00,7849.70,7646.15,1317656.00
20-06-2022,7660.95,7699.80,7784.10,7626.00,1043423.00
21-06-2022,7780.60,7714.95,7840.00,7625.15,954884.00
22-06-2022,7782.75,7750.00,7869.00,7716.60,796824.00
23-06-2022,8271.00,7810.00,8317.80,7803.00,1676430.00
24-06-2022,8363.20,8310.00,8390.00,8238.30,1156788.00
27-06-2022,8448.75,8444.00,8546.70,8391.25,921090.00
28-06-2022,8489.70,8415.25,8539.90,8381.05,691242.00
29-06-2022,8508.90,8389.95,8530.00,8370.00,655413.00
30-06-2022,8470.75,8500.00,8634.60,8435.60,1130302.00
01-07-2022,8402.60,8440.00,8450.00,8305.60,530569.00
04-07-2022,8443.35,8402.60,8467.60,8320.00,625431.00
05-07-2022,8348.70,8498.50,8508.55,8335.00,610290.00
06-07-2022,8630.05,8377.00,8652.45,8370.00,976098.00
07-07-2022,8606.40,8695.00,8700.00,8576.20,547662.00
08-07-2022,8475.95,8620.00,8656.95,8445.00,686327.00
11-07-2022,8507.65,8451.70,8525.00,8416.10,536114.00
12-07-2022,8419.70,8495.00,8497.45,8376.25,424358.00
13-07-2022,8440.20,8454.00,8488.15,8381.00,413855.00
14-07-2022,8567.75,8464.95,8587.35,8450.00,606496.00
15-07-2022,8778.05,8596.00,8799.00,8576.20,631246.00
18-07-2022,8704.80,8802.00,8843.00,8684.00,478682.00
19-07-2022,8715.85,8699.95,8798.90,8667.45,478458.00
20-07-2022,8749.05,8775.50,8865.45,8720.20,398132.00
21-07-2022,8797.00,8793.00,8831.90,8722.05,421090.00
22-07-2022,8830.95,8850.00,8889.00,8791.00,415294.00
25-07-2022,8621.60,8828.50,8858.60,8490.00,623462.00
26-07-2022,8525.85,8622.00,8625.40,8471.35,429454.00
27-07-2022,8658.10,8555.55,8707.45,8460.00,1298855.00
28-07-2022,8721.05,8700.00,8770.15,8628.80,725196.00
29-07-2022,8773.55,8764.70,8943.00,8730.00,821432.00
01-08-2022,9003.40,8850.00,9085.00,8822.60,1009408.00
02-08-2022,9173.05,8985.00,9196.85,8954.00,848311.00
03-08-2022,8959.45,9144.75,9144.75,8855.60,753729.00
04-08-2022,8966.70,9024.00,9048.00,8830.00,643264.00
05-08-2022,8841.20,8966.80,8985.20,8810.00,558385.00
08-08-2022,8921.95,8841.20,8998.00,8841.00,520993.00
10-08-2022,8879.70,8938.60,8999.50,8826.00,445375.00
11-08-2022,8813.85,8955.70,8998.00,8724.00,508318.00
12-08-2022,8699.20,8815.00,8815.00,8675.00,712782.00
16-08-2022,9003.70,8737.15,9040.00,8705.05,963726.00
17-08-2022,8944.35,9010.00,9070.00,8920.00,623749.00
18-08-2022,8947.70,8925.00,9012.40,8877.00,442229.00
19-08-2022,8778.95,8955.45,8968.00,8715.00,572597.00
22-08-2022,8628.00,8751.00,8767.45,8602.20,488485.00
23-08-2022,8720.50,8607.00,8757.00,8564.00,558231.00
24-08-2022,8704.00,8660.00,8772.00,8594.00,442582.00
25-08-2022,8735.90,8721.00,8835.00,8680.00,525721.00
26-08-2022,8720.60,8800.00,8832.75,8706.20,398063.00
29-08-2022,8834.20,8602.60,8859.90,8590.00,459057.00
30-08-2022,9082.25,8884.80,9164.00,8870.00,1016312.00
01-09-2022,9024.50,8949.95,9233.65,8941.00,888864.00
02-09-2022,8919.60,9026.50,9149.90,8902.10,632909.00
05-09-2022,8950.05,8900.00,9016.80,8875.00,386455.00
06-09-2022,8888.75,8984.30,9022.75,8870.00,397902.00
07-09-2022,8784.90,8864.00,8873.55,8760.00,496785.00
08-09-2022,8790.65,8829.00,8885.10,8780.00,428924.00
09-09-2022,8946.00,8834.65,8989.00,8730.00,632296.00
12-09-2022,8927.65,8969.90,9012.30,8904.00,383641.00
13-09-2022,8926.50,8972.30,8989.05,8910.90,405093.00
14-09-2022,8967.20,8859.85,9000.00,8825.70,509547.00
15-09-2022,9209.75,9030.05,9325.00,9030.00,1392132.00
16-09-2022,9189.65,9209.50,9315.90,9020.05,1056382.00
19-09-2022,9280.85,9175.30,9343.45,9070.00,727024.00
20-09-2022,9300.85,9339.00,9430.00,9250.00,747257.00
21-09-2022,9247.90,9300.00,9398.00,9211.45,440725.00
22-09-2022,9401.85,9199.00,9435.00,9186.00,511112.00
23-09-2022,9343.45,9397.95,9451.00,9277.35,574213.00
26-09-2022,8834.95,9270.30,9270.30,8800.00,865432.00
27-09-2022,8774.05,8890.00,8908.95,8670.50,686285.00
28-09-2022,8726.75,8720.00,8850.00,8660.05,663740.00
29-09-2022,8624.85,8770.40,8800.00,8604.10,817007.00
30-09-2022,8828.15,8668.00,8872.00,8558.20,658982.00
03-10-2022,8547.00,8970.00,8970.00,8510.00,1123076.00
04-10-2022,8690.50,8699.00,8758.55,8630.00,503140.00
06-10-2022,8703.00,8734.00,8825.00,8690.50,474445.00
07-10-2022,8779.10,8750.00,8845.60,8711.00,428616.00
10-10-2022,8862.40,8675.00,8876.45,8658.00,411218.00
11-10-2022,8684.15,8811.00,8850.00,8665.00,422610.00
12-10-2022,8686.60,8698.00,8720.00,8590.60,380365.00
13-10-2022,8649.55,8665.00,8785.45,8592.00,355605.00
14-10-2022,8617.30,8760.00,8766.60,8606.30,274160.00
17-10-2022,8723.80,8610.00,8749.70,8567.05,304671.00
18-10-2022,8807.35,8765.05,8888.25,8752.05,369973.00
19-10-2022,8719.35,8851.40,8855.00,8695.00,385416.00
20-10-2022,8707.40,8700.00,8739.20,8611.00,328270.00
21-10-2022,8703.30,8730.00,8794.00,8641.00,356203.00
24-10-2022,8765.45,8788.80,8788.80,8745.85,30052.00
25-10-2022,9005.00,8820.00,9017.00,8797.40,727441.00
27-10-2022,9041.95,9050.00,9076.95,8902.00,849108.00
28-10-2022,9492.55,9095.00,9549.95,9051.00,1873029.00
31-10-2022,9527.60,9650.00,9769.00,9451.10,1932020.00
01-11-2022,9454.60,9635.00,9636.90,9375.00,805517.00
02-11-2022,9229.40,9445.00,9454.60,9210.00,788679.00
03-11-2022,9239.10,9210.00,9310.00,9164.40,616860.00
04-11-2022,9229.50,9257.90,9324.00,9191.05,465775.00
07-11-2022,9333.30,9277.00,9352.80,9254.30,469017.00
09-11-2022,9253.50,9480.35,9480.85,9220.00,617256.00
10-11-2022,9097.25,9201.00,9250.75,9071.00,445700.00
11-11-2022,9087.55,9200.00,9240.00,9050.00,461074.00
14-11-2022,9152.35,9100.00,9163.05,8992.55,282822.00
15-11-2022,9162.20,9190.00,9203.55,9130.00,359888.00
16-11-2022,9134.95,9160.00,9252.50,9099.85,350737.00
17-11-2022,8986.45,9101.00,9169.60,8970.00,409572.00
18-11-2022,8848.05,9010.00,9023.95,8836.00,515615.00
21-11-2022,8865.20,8825.00,8929.20,8786.00,520644.00
22-11-2022,8873.75,8875.00,8934.95,8859.05,455948.00
23-11-2022,8934.50,8940.00,8989.00,8902.00,621006.00
24-11-2022,8967.10,8968.90,8994.90,8921.00,455343.00
25-11-2022,9019.50,9000.00,9080.00,8947.50,545439.00
02-12-2022,8815.85,8820.00,8928.90,8754.75,971612.00
05-12-2022,8792.05,8844.00,8853.20,8765.00,519621.00
06-12-2022,8717.35,8777.20,8800.00,8694.95,551379.00
07-12-2022,8659.15,8720.00,8747.85,8641.00,546450.00
08-12-2022,8682.70,8665.00,8711.00,8606.05,476001.00
09-12-2022,8613.35,8707.00,8763.75,8545.45,790406.00
12-12-2022,8659.75,8609.00,8693.30,8515.30,445039.00
13-12-2022,8620.70,8662.00,8697.35,8610.00,330236.00
14-12-2022,8641.60,8650.00,8677.70,8596.05,343670.00
15-12-2022,8584.15,8641.00,8673.60,8575.00,472176.00
19-12-2022,8603.85,8498.80,8621.45,8451.00,464106.00
20-12-2022,8524.35,8584.40,8584.40,8432.05,694906.00
21-12-2022,8350.40,8524.35,8566.95,8288.30,800720.00
23-12-2022,8141.60,8299.70,8329.95,8122.85,503012.00
27-12-2022,8305.45,8298.95,8315.00,8230.80,423308.00
28-12-2022,8421.05,8315.00,8453.50,8287.60,538632.00
29-12-2022,8435.80,8370.00,8449.00,8333.00,452134.00
02-01-2023,8403.30,8365.00,8454.00,8337.60,398159.00
03-01-2023,8382.75,8380.00,8402.00,8304.15,493207.00
04-01-2023,8422.80,8376.00,8537.05,8311.05,566744.00
05-01-2023,8461.10,8444.95,8475.00,8390.05,417716.00
06-01-2023,8383.05,8460.00,8483.95,8350.00,368978.00
10-01-2023,8293.15,8380.00,8410.00,8262.90,493677.00
11-01-2023,8284.45,8334.65,8334.65,8249.15,327536.00
12-01-2023,8369.20,8315.00,8377.00,8260.00,283772.00
13-01-2023,8453.40,8397.00,8500.05,8351.00,705220.00
16-01-2023,8380.10,8480.00,8514.30,8343.60,500575.00
17-01-2023,8479.35,8409.85,8493.30,8342.15,409248.00
18-01-2023,8494.05,8473.00,8537.40,8464.30,402883.00
19-01-2023,8501.65,8479.00,8519.00,8456.50,184776.00
20-01-2023,8439.80,8462.05,8500.00,8412.00,346337.00
23-01-2023,8417.10,8480.00,8482.00,8377.90,410827.00
24-01-2023,8698.80,8450.00,8718.00,8417.00,1039571.00
25-01-2023,8784.10,8747.90,8833.00,8680.30,1131883.00
27-01-2023,8737.50,8828.45,8889.00,8620.10,743546.00
30-01-2023,8817.00,8779.00,8865.00,8718.00,1036998.00
31-01-2023,8895.30,8856.90,8943.85,8830.20,643670.00
01-02-2023,8768.85,8937.00,9030.45,8673.90,707460.00
02-02-2023,8870.15,8765.00,8940.00,8751.10,456995.00
03-02-2023,8942.30,8940.00,8963.00,8845.15,351157.00
06-02-2023,8908.00,8926.95,8936.00,8820.00,205161.00
07-02-2023,8762.45,8908.00,8920.00,8752.55,318669.00
08-02-2023,8834.70,8773.00,8854.50,8673.05,391645.00
09-02-2023,8801.20,8802.30,8833.00,8700.00,392186.00
10-02-2023,8811.35,8797.80,8875.00,8772.95,276298.00
13-02-2023,8809.45,8787.00,8864.40,8755.70,253037.00
14-02-2023,8774.45,8815.00,8847.00,8765.00,227030.00
16-02-2023,8805.10,8880.00,8880.00,8790.00,247514.00
17-02-2023,8807.75,8787.00,8874.00,8749.75,214587.00
20-02-2023,8693.65,8807.75,8849.00,8675.25,298434.00
21-02-2023,8669.85,8694.00,8720.00,8638.45,323478.00
22-02-2023,8658.95,8675.50,8719.00,8585.00,363931.00
23-02-2023,8696.25,8693.45,8747.45,8616.00,317544.00
24-02-2023,8660.50,8711.00,8740.00,8609.30,242982.00
27-02-2023,8632.20,8630.00,8643.05,8530.00,220225.00
28-02-2023,8624.35,8650.00,8709.00,8605.30,370998.00
01-03-2023,8764.15,8620.00,8776.25,8620.00,333441.00
02-03-2023,8548.75,8771.00,8771.00,8509.10,603893.00
03-03-2023,8601.25,8592.05,8629.00,8550.00,437977.00
08-03-2023,8693.90,8625.00,8712.05,8610.05,348171.00
10-03-2023,8601.55,8530.00,8628.00,8480.10,516128.00
13-03-2023,8518.40,8601.55,8637.30,8481.10,479314.00
14-03-2023,8512.15,8544.95,8544.95,8445.00,349510.00
15-03-2023,8474.95,8650.00,8704.95,8440.00,509229.00
16-03-2023,8437.45,8460.10,8533.40,8411.00,340261.00
17-03-2023,8316.85,8503.00,8510.95,8293.55,471602.00
20-03-2023,8219.60,8316.85,8316.85,8130.00,488199.00
21-03-2023,8228.40,8245.00,8275.00,8215.00,287497.00
22-03-2023,8252.40,8236.00,8289.60,8217.00,218120.00
23-03-2023,8353.20,8264.00,8375.00,8232.60,540553.00
24-03-2023,8242.90,8353.20,8386.50,8211.00,391840.00
27-03-2023,8278.35,8250.00,8316.80,8229.55,364326.00
28-03-2023,8208.80,8305.90,8355.60,8140.00,360349.00
29-03-2023,8295.30,8249.85,8319.10,8187.50,339851.00
31-03-2023,8292.15,8325.95,8370.00,8257.05,478757.00
03-04-2023,8503.05,8412.85,8579.00,8390.35,627265.00
05-04-2023,8447.05,8521.95,8548.00,8430.00,272888.00
06-04-2023,8516.65,8464.00,8535.00,8377.10,309551.00
10-04-2023,8535.15,8456.60,8555.80,8403.05,308275.00
12-04-2023,8621.05,8672.00,8709.95,8591.00,408458.00
13-04-2023,8670.80,8628.05,8704.00,8620.00,480202.00
17-04-2023,8674.65,8850.00,8850.00,8650.00,489356.00
18-04-2023,8732.65,8692.95,8748.80,8690.00,276111.00
19-04-2023,8679.95,8690.05,8741.80,8662.45,280819.00
20-04-2023,8714.65,8670.00,8739.90,8665.15,369060.00
21-04-2023,8558.45,8679.40,8704.00,8550.00,424157.00
24-04-2023,8466.15,8577.00,8577.00,8444.75,543745.00
25-04-2023,8468.90,8510.00,8525.00,8420.00,906406.00
26-04-2023,8506.90,8527.00,8550.00,8434.90,959058.00
27-04-2023,8542.95,8570.00,8570.00,8471.25,536521.00
28-04-2023,8589.55,8593.00,8612.45,8535.10,387567.00
02-05-2023,8776.85,8622.70,8827.00,8606.00,865562.00
03-05-2023,8797.30,8770.00,8828.00,8715.05,537008.00
04-05-2023,8800.60,8796.65,8822.95,8743.00,271926.00
05-05-2023,8948.65,8800.60,8988.00,8790.00,951591.00
08-05-2023,9076.25,9046.00,9120.95,8960.00,678780.00
09-05-2023,9111.55,9083.00,9140.00,9051.85,415394.00
10-05-2023,9168.15,9128.80,9180.00,9060.00,366827.00
11-05-2023,9260.90,9242.95,9315.00,9142.05,644550.00
12-05-2023,9295.40,9260.95,9329.80,9232.65,403028.00
15-05-2023,9207.30,9242.00,9307.50,9185.40,259316.00
16-05-2023,9071.35,9219.10,9229.30,9057.10,448981.00
17-05-2023,9119.40,9080.35,9132.00,9032.05,290482.00
18-05-2023,9053.30,9144.95,9150.00,9044.10,272497.00
19-05-2023,9105.95,9060.00,9118.20,8960.55,543472.00
22-05-2023,9156.65,9090.00,9169.70,9073.85,182115.00
23-05-2023,9200.70,9169.00,9235.00,9156.75,269008.00
24-05-2023,9270.75,9168.00,9318.20,9159.00,470365.00
25-05-2023,9281.85,9220.75,9293.40,9216.05,218979.00
26-05-2023,9399.95,9333.00,9415.00,9311.25,346760.00
29-05-2023,9333.50,9435.00,9488.80,9312.05,236834.00
30-05-2023,9383.35,9380.00,9402.90,9300.00,372004.00
31-05-2023,9367.70,9449.95,9449.95,9267.60,1614766.00
01-06-2023,9328.30,9337.50,9377.55,9222.00,378706.00
02-06-2023,9485.35,9389.00,9525.15,9312.70,445105.00
05-06-2023,9582.10,9552.50,9640.00,9488.55,434649.00
06-06-2023,9736.20,9629.00,9770.00,9611.00,542318.00
08-06-2023,9658.60,9733.00,9765.00,9625.50,273746.00
09-06-2023,9627.80,9675.50,9713.90,9611.10,161389.00
12-06-2023,9550.45,9625.00,9700.00,9537.65,316879.00
13-06-2023,9517.50,9588.00,9618.05,9505.65,561014.00
14-06-2023,9532.50,9520.00,9599.00,9490.50,328167.00
15-06-2023,9594.85,9555.00,9697.80,9543.00,459978.00
16-06-2023,9603.70,9595.05,9643.40,9552.00,682099.00
19-06-2023,9532.00,9638.00,9642.15,9510.00,395006.00
20-06-2023,9492.10,9530.00,9538.90,9420.00,612713.00
21-06-2023,9440.85,9502.00,9537.00,9396.05,356331.00
23-06-2023,9327.30,9420.00,9427.00,9305.00,309138.00
26-06-2023,9470.20,9327.30,9520.00,9300.00,405168.00
27-06-2023,9461.00,9490.00,9500.00,9395.05,339375.00
28-06-2023,9540.65,9475.45,9575.00,9432.55,482586.00
30-06-2023,9789.05,9569.00,9853.50,9541.00,845006.00
03-07-2023,9673.00,9742.05,9785.85,9656.55,398066.00
04-07-2023,9647.40,9700.00,9716.50,9620.05,247673.00
05-07-2023,9992.30,9697.00,10036.00,9675.00,815044.00
06-07-2023,9859.40,9999.95,10016.00,9815.20,652120.00
07-07-2023,9850.25,9854.00,9945.00,9815.00,457050.00
10-07-2023,9736.30,9854.00,9933.35,9719.75,272008.00
11-07-2023,9900.15,9796.00,9956.85,9736.30,568772.00
12-07-2023,9835.80,9895.00,9950.00,9805.00,552967.00
13-07-2023,9647.55,9852.95,9898.95,9612.00,519564.00
14-07-2023,9603.65,9701.95,9727.30,9591.00,498441.00
17-07-2023,9689.55,9647.00,9699.00,9555.00,444583.00
18-07-2023,9665.65,9710.20,9766.30,9601.70,320985.00
19-07-2023,9607.55,9651.00,9666.00,9525.65,450254.00
20-07-2023,9772.50,9620.00,9785.00,9575.45,466813.00
21-07-2023,9770.05,9720.00,9845.00,9703.00,328483.00
24-07-2023,9694.80,9770.05,9815.00,9680.00,358506.00
25-07-2023,9758.60,9624.00,9774.95,9616.80,240998.00
26-07-2023,9756.35,9761.50,9810.00,9725.25,209861.00
27-07-2023,9753.60,9770.00,9827.15,9691.65,256672.00
28-07-2023,9670.30,9739.00,9750.00,9546.40,381151.00
31-07-2023,9820.75,9670.30,9837.70,9606.00,600060.00
01-08-2023,9716.75,9760.00,9892.00,9650.05,1394528.00
02-08-2023,9653.80,9715.00,9793.45,9520.35,672815.00
03-08-2023,9543.70,9598.85,9659.95,9515.60,614897.00
04-08-2023,9470.40,9560.00,9616.00,9427.00,540470.00
07-08-2023,9523.80,9490.00,9539.80,9422.00,366329.00
08-08-2023,9542.55,9539.95,9623.00,9505.00,430636.00
09-08-2023,9463.10,9540.00,9540.05,9417.50,404602.00
10-08-2023,9397.60,9463.10,9500.00,9342.05,523490.00
11-08-2023,9356.85,9397.60,9469.00,9344.00,498504.00
14-08-2023,9321.65,9360.00,9364.00,9257.90,336864.00
17-08-2023,9375.30,9414.90,9474.75,9350.00,402798.00
18-08-2023,9456.05,9350.00,9470.00,9336.65,400745.00
21-08-2023,9438.80,9455.55,9469.00,9413.25,375347.00
22-08-2023,9491.90,9420.20,9508.05,9409.70,435930.00
23-08-2023,9600.95,9519.00,9640.00,9446.00,546842.00
24-08-2023,9573.70,9661.65,9661.65,9555.00,385559.00
28-08-2023,9597.70,9514.95,9670.00,9510.00,325938.00
29-08-2023,9621.25,9600.00,9684.75,9506.00,317224.00
30-08-2023,9796.40,9660.00,9817.95,9610.00,543634.00
31-08-2023,10003.00,9770.10,10065.00,9770.10,1581818.00
01-09-2023,10331.00,9999.00,10397.00,9951.35,1193178.00
04-09-2023,10362.00,10401.00,10467.00,10286.00,819552.00
05-09-2023,10262.00,10350.00,10412.00,10245.00,507107.00
06-09-2023,10178.00,10260.00,10260.00,10130.00,663758.00
07-09-2023,10280.00,10150.00,10300.00,10150.00,445805.00
08-09-2023,10332.00,10399.00,10400.00,10300.00,439721.00
11-09-2023,10533.00,10345.00,10550.00,10344.00,598050.00
12-09-2023,10503.00,10544.00,10568.00,10405.00,568773.00
13-09-2023,10473.00,10500.00,10536.00,10440.00,301707.00
14-09-2023,10488.00,10465.00,10580.00,10431.00,501196.00
15-09-2023,10525.00,10489.00,10550.00,10477.00,544616.00
18-09-2023,10522.00,10500.00,10623.00,10494.00,430213.00
20-09-2023,10346.00,10494.00,10494.00,10337.00,545106.00
21-09-2023,10284.00,10343.00,10345.00,10206.00,577252.00
22-09-2023,10535.00,10378.00,10566.00,10308.00,986206.00
25-09-2023,10588.00,10535.00,10720.00,10530.00,756801.00
26-09-2023,10556.00,10631.00,10633.00,10526.00,452503.00
27-09-2023,10680.00,10550.00,10706.00,10525.00,458359.00
28-09-2023,10565.00,10650.00,10705.00,10532.00,598144.00
29-09-2023,10610.00,10541.00,10705.00,10510.00,481725.00
03-10-2023,10346.00,10709.00,10709.00,10303.00,623006.00
04-10-2023,10129.00,10283.00,10283.00,10090.00,407793.00
05-10-2023,10210.00,10181.00,10270.00,10109.00,377196.00
06-10-2023,10302.00,10283.00,10332.00,10260.00,335700.00
09-10-2023,10244.00,10250.00,10334.00,10183.00,230083.00
10-10-2023,10375.00,10290.00,10417.00,10270.00,348342.00
11-10-2023,10412.00,10349.00,10440.00,10340.00,193526.00
12-10-2023,10580.00,10460.00,10624.00,10420.00,569237.00
13-10-2023,10727.00,10534.00,10745.00,10529.00,625954.00
16-10-2023,10704.00,10729.00,10810.00,10665.00,304196.00
17-10-2023,10750.00,10730.00,10797.00,10565.00,474718.00
18-10-2023,10788.00,10755.00,10809.00,10711.00,267435.00
19-10-2023,10771.00,10700.00,10798.00,10700.00,286284.00
20-10-2023,10725.00,10763.00,10799.00,10695.00,232512.00
23-10-2023,10553.00,10681.00,10724.00,10530.00,227925.00
25-10-2023,10588.00,10520.00,10647.00,10501.00,401105.00
26-10-2023,10424.00,10539.00,10594.00,10392.00,506129.00
30-10-2023,10397.00,10700.00,10700.00,10245.00,991168.00
31-10-2023,10392.00,10490.00,10490.00,10321.00,439996.00
01-11-2023,10227.00,10390.00,10422.00,10188.00,699116.00
02-11-2023,10303.00,10290.00,10345.00,10201.00,569194.00
03-11-2023,10276.00,10318.00,10370.00,10241.00,517582.00
06-11-2023,10284.00,10338.00,10338.00,10252.00,490459.00
08-11-2023,10322.00,10320.00,10340.00,10260.00,287006.00
09-11-2023,10400.00,10349.00,10449.00,10316.00,310536.00
10-11-2023,10388.00,10375.00,10416.00,10320.00,206395.00
13-11-2023,10398.00,10429.00,10429.00,10363.00,261891.00
15-11-2023,10456.00,10497.00,10497.00,10375.00,436538.00
16-11-2023,10484.00,10480.00,10543.00,10409.00,488715.00
17-11-2023,10523.00,10500.00,10606.00,10499.00,403772.00
20-11-2023,10566.00,10500.00,10593.00,10500.00,234246.00
21-11-2023,10535.00,10619.00,10619.00,10500.00,312242.00
22-11-2023,10494.00,10550.00,10551.00,10420.00,378891.00
24-11-2023,10515.00,10505.00,10566.00,10462.00,380306.00
29-11-2023,10599.00,10570.00,10634.00,10525.00,343341.00
30-11-2023,10608.00,10581.00,10649.00,10546.00,665660.00
01-12-2023,10585.00,10608.00,10759.00,10533.00,591519.00
04-12-2023,10599.00,10695.00,10695.00,10425.00,625235.00
05-12-2023,10721.00,10650.00,10770.00,10563.00,580996.00
06-12-2023,10625.00,10721.00,10748.00,10590.00,464163.00
07-12-2023,10696.00,10790.00,10932.00,10635.00,704413.00
11-12-2023,10541.00,10630.00,10638.00,10500.00,579749.00
12-12-2023,10338.00,10620.00,10624.00,10301.00,1088687.00
13-12-2023,10380.00,10360.00,10412.00,10260.00,603469.00
15-12-2023,10286.00,10459.00,10476.00,9832.60,1244681.00
18-12-2023,10319.00,10295.00,10350.00,10226.00,652498.00
19-12-2023,10233.00,10319.00,10377.00,10206.00,585734.00
20-12-2023,10081.00,10240.00,10309.00,9990.00,964051.00
21-12-2023,10012.00,10000.00,10099.00,9900.00,739806.00
22-12-2023,10217.00,10050.00,10318.00,10030.00,652545.00
26-12-2023,10270.00,10270.00,10281.00,10114.00,395273.00
27-12-2023,10288.00,10286.00,10305.00,10230.00,397675.00
28-12-2023,10271.00,10310.00,10310.00,10187.00,584234.00
29-12-2023,10302.00,10280.00,10396.00,10273.00,705227.00
01-01-2024,10283.00,10345.00,10345.00,10214.00,411724.00
02-01-2024,10197.00,10283.00,10294.00,10151.00,776837.00
03-01-2024,10077.00,10200.00,10210.00,10065.00,521046.00
04-01-2024,10015.00,10100.00,10120.00,9985.55,711733.00
05-01-2024,10017.00,10010.00,10075.00,9970.00,673131.00
08-01-2024,9946.70,10005.00,10128.00,9911.90,600153.00
09-01-2024,10024.00,9975.00,10042.00,9890.00,666469.00
10-01-2024,10010.00,10049.00,10050.00,9950.00,481699.00
11-01-2024,10011.00,10025.00,10124.00,10000.00,1024815.00
12-01-2024,9965.65,10025.00,10044.00,9935.95,850190.00
15-01-2024,10086.00,9985.10,10098.00,9948.00,463380.00
17-01-2024,10051.00,10124.00,10161.00,9996.45,610250.00
18-01-2024,9924.50,9946.05,10050.00,9737.65,614860.00
19-01-2024,10037.00,9960.00,10051.00,9949.05,377018.00
23-01-2024,9860.45,9862.00,9973.00,9832.10,956269.00
24-01-2024,9988.20,9860.00,10000.00,9755.00,459092.00
25-01-2024,9881.00,9988.20,9999.80,9816.55,718817.00
29-01-2024,9991.40,9931.15,10035.00,9875.05,446516.00
30-01-2024,9951.65,10010.00,10033.00,9931.50,399869.00
31-01-2024,10186.00,9959.30,10235.00,9913.00,997024.00
01-02-2024,10637.00,10210.00,10699.00,10204.00,1869594.00
02-02-2024,10655.00,10598.00,10711.00,10540.00,814940.00
05-02-2024,10428.00,10602.00,10759.00,10400.00,365105.00
06-02-2024,10844.00,10499.00,10856.00,10458.00,829040.00
07-02-2024,10935.00,10860.00,10973.00,10786.00,560808.00
08-02-2024,10743.00,10951.00,10951.00,10689.00,557082.00
09-02-2024,10732.00,10711.00,10770.00,10611.00,645489.00
12-02-2024,10709.00,10700.00,10748.00,10650.00,190655.00
13-02-2024,10794.00,10730.00,10830.00,10640.00,397979.00
14-02-2024,11027.00,10705.00,11050.00,10703.00,354676.00
15-02-2024,11090.00,11040.00,11133.00,10980.00,447248.00
16-02-2024,11380.00,11120.00,11480.00,11098.00,716486.00
19-02-2024,11483.00,11380.00,11613.00,11333.00,581383.00
20-02-2024,11446.00,11440.00,11479.00,11315.00,355044.00
21-02-2024,11465.00,11456.00,11521.00,11370.00,348461.00
22-02-2024,11657.00,11500.00,11695.00,11391.00,584406.00
23-02-2024,11535.00,11704.00,11720.00,11475.00,472884.00
26-02-2024,11467.00,11505.00,11533.00,11416.00,277700.00
27-02-2024,11500.00,11415.00,11562.00,11384.00,307585.00
28-02-2024,11152.00,11471.00,11498.00,11130.00,358812.00
29-02-2024,11288.00,11155.00,11349.00,11129.00,943841.00
01-03-2024,11620.00,11295.00,11675.00,11295.00,487355.00
04-03-2024,11594.00,11600.00,11677.00,11544.00,369936.00
06-03-2024,11567.00,11670.00,11679.00,11518.00,639542.00
07-03-2024,11510.00,11571.00,11633.00,11421.00,255325.00
11-03-2024,11395.00,11515.00,11555.00,11350.00,525344.00
12-03-2024,11509.00,11400.00,11575.00,11381.00,283816.00
13-03-2024,11390.00,11510.00,11554.00,11267.00,385204.00
14-03-2024,11404.00,11401.00,11460.00,11302.00,523058.00
15-03-2024,11476.00,11380.00,11521.00,11314.00,972333.00
18-03-2024,11636.00,11436.00,11665.00,11366.00,311049.00
19-03-2024,11597.00,11542.00,11679.00,11456.00,409259.00
20-03-2024,11941.00,11651.00,12025.00,11651.00,1031037.00
21-03-2024,11908.00,11999.00,12000.00,11825.00,544311.00
22-03-2024,12337.00,11890.00,12427.00,11890.00,1062263.00
26-03-2024,12250.00,12285.00,12321.00,12141.00,507568.00
27-03-2024,12510.00,12290.00,12722.00,12285.00,878986.00
28-03-2024,12600.00,12569.00,12726.00,12385.00,860324.00
01-04-2024,12569.00,12613.00,12689.00,12506.00,314676.00
03-04-2024,12427.00,12450.00,12525.00,12412.00,271935.00
04-04-2024,12567.00,12490.00,12649.00,12318.00,491166.00
05-04-2024,12421.00,12492.00,12557.00,12384.00,231600.00
08-04-2024,12865.00,12450.00,12927.00,12450.00,570422.00
10-04-2024,12682.00,12933.00,12958.00,12600.00,464239.00
12-04-2024,12266.00,12660.00,12660.00,12225.00,973366.00
15-04-2024,12422.00,12199.00,12510.00,12032.00,831257.00
16-04-2024,12502.00,12308.00,12549.00,12275.00,579183.00
18-04-2024,12405.00,12570.00,12602.00,12320.00,679117.00
19-04-2024,12710.00,12399.00,12759.00,12225.00,635535.00
22-04-2024,12785.00,12783.00,12879.00,12659.00,342212.00
23-04-2024,12996.00,12845.00,13024.00,12776.00,397281.00
25-04-2024,12922.00,12964.00,12980.00,12740.00,640725.00
26-04-2024,12703.00,12922.00,13045.00,12660.00,704626.00
29-04-2024,12689.00,12800.00,12994.00,12603.00,613937.00
30-04-2024,12817.00,12786.00,12996.00,12740.00,528776.00
02-05-2024,12805.00,12750.00,12844.00,12514.00,814923.00
03-05-2024,12492.00,12817.00,12830.00,12411.00,834990.00
06-05-2024,12439.00,12550.00,12646.00,12372.00,342231.00
07-05-2024,12364.00,12472.00,12508.00,12239.00,604375.00
08-05-2024,12543.00,12392.00,12559.00,12325.00,399669.00
09-05-2024,12504.00,12540.00,12739.00,12436.00,504590.00
10-05-2024,12675.00,12505.00,12696.00,12501.00,328670.00
13-05-2024,12673.00,12660.00,12708.00,12477.00,281421.00
14-05-2024,12814.00,12673.00,12840.00,12651.00,331037.00
15-05-2024,12767.00,12820.00,12872.00,12700.00,232030.00
16-05-2024,12497.00,12848.00,12848.00,12300.00,914201.00
17-05-2024,12641.00,12515.00,12665.00,12322.00,809226.00
21-05-2024,12473.00,12600.00,12678.00,12441.00,443136.00
22-05-2024,12531.00,12427.00,12563.00,12363.00,280015.00
23-05-2024,12934.00,12566.00,12975.00,12473.00,768732.00
24-05-2024,13000.00,12865.00,13034.00,12811.00,624801.00
27-05-2024,12906.00,13023.00,13058.00,12777.00,464953.00
28-05-2024,12818.00,12890.00,12985.00,12800.00,333806.00
29-05-2024,12788.00,12818.00,12850.00,12750.00,353706.00
30-05-2024,12598.00,12721.00,12810.00,12550.00,524559.00
31-05-2024,12399.00,12598.00,12633.00,12330.00,908304.00
04-06-2024,12176.00,12596.00,12597.00,11561.00,825928.00
05-06-2024,12502.00,12180.00,12614.00,12125.00,447581.00
06-06-2024,12673.00,12511.00,12690.00,12468.00,447536.00
07-06-2024,12810.00,12582.00,12828.00,12582.00,532480.00
10-06-2024,12717.00,12765.00,12920.00,12627.00,293471.00
11-06-2024,12863.00,12743.00,12939.00,12655.00,358807.00
12-06-2024,12849.00,12863.00,12951.00,12802.00,302719.00
13-06-2024,12846.00,12940.00,12940.00,12739.00,297240.00
14-06-2024,12845.00,12831.00,12895.00,12778.00,216967.00
18-06-2024,12560.00,12878.00,12880.00,12542.00,823306.00
19-06-2024,12242.00,12610.00,12625.00,12200.00,694871.00
20-06-2024,12149.00,12246.00,12305.00,12135.00,907751.00
21-06-2024,12201.00,12220.00,12366.00,12083.00,947800.00
24-06-2024,12183.00,12181.00,12289.00,12041.00,550862.00
25-06-2024,12116.00,12201.00,12237.00,12072.00,594272.00
26-06-2024,12198.00,12117.00,12323.00,12067.00,447931.00
27-06-2024,12178.00,12200.00,12227.00,12010.00,1230852.00
28-06-2024,12033.00,12184.00,12201.00,12004.00,1160395.00
01-07-2024,12108.00,12045.00,12260.00,12005.00,1134926.00
02-07-2024,12042.00,12149.00,12149.00,11995.00,687181.00
03-07-2024,12123.00,12115.00,12150.00,11960.00,467532.00
04-07-2024,12089.00,12135.00,12210.00,12071.00,299684.00
05-07-2024,12104.00,12069.00,12137.00,12021.00,406926.00
08-07-2024,12023.00,12104.00,12112.00,11966.00,496933.00
09-07-2024,12827.00,12325.00,12959.00,12264.00,2114130.00
10-07-2024,12772.00,12950.00,13300.00,12732.00,2070520.00
11-07-2024,12715.00,12800.00,12923.00,12695.00,608983.00
12-07-2024,12562.00,12620.00,12669.00,12475.00,674746.00
15-07-2024,12643.00,12600.00,12768.00,12590.00,697192.00
16-07-2024,12639.00,12643.00,12798.00,12581.00,347810.00
18-07-2024,12644.00,12633.00,12680.00,12463.00,391216.00
19-07-2024,12524.00,12650.00,12710.00,12496.00,351955.00
22-07-2024,12641.00,12500.00,12658.00,12400.00,249631.00
23-07-2024,12629.00,12720.00,12734.00,12360.00,332258.00
24-07-2024,12487.00,12634.00,12663.00,12458.00,285860.00
25-07-2024,12509.00,12388.00,12525.00,12388.00,396789.00
26-07-2024,12663.00,12470.00,12743.00,12389.00,537693.00
29-07-2024,12751.00,12709.00,12773.00,12603.00,388263.00
30-07-2024,12873.00,12760.00,12968.00,12709.00,526539.00
31-07-2024,13115.00,12980.00,13375.00,12895.00,836405.00
01-08-2024,13359.00,13393.00,13680.00,13112.00,2040384.00
02-08-2024,12726.00,13126.00,13174.00,12673.00,1333355.00
05-08-2024,12200.00,12490.00,12490.00,12027.00,1131415.00
06-08-2024,12131.00,12390.00,12554.00,12110.00,623565.00
07-08-2024,12371.00,12399.00,12450.00,12265.00,433514.00
08-08-2024,12218.00,12371.00,12392.00,12152.00,358577.00
09-08-2024,12224.00,12390.00,12390.00,12195.00,320211.00
12-08-2024,12273.00,12200.00,12370.00,12100.00,291212.00
13-08-2024,12176.00,12337.00,12340.00,12122.00,464483.00
14-08-2024,12205.00,12239.00,12239.00,12130.00,449827.00
16-08-2024,12213.00,12314.00,12343.00,12111.00,552732.00
19-08-2024,12149.00,12195.00,12244.00,12126.00,277319.00
20-08-2024,12214.00,12160.00,12310.00,12150.00,471927.00
21-08-2024,12220.00,12214.00,12248.00,12177.00,295984.00
22-08-2024,12276.00,12280.00,12325.00,12181.00,501316.00
23-08-2024,12302.00,12300.00,12375.00,12254.00,440809.00
26-08-2024,12243.00,12325.00,12334.00,12222.00,232805.00
27-08-2024,12496.00,12245.00,12530.00,12225.00,477609.00
28-08-2024,12357.00,12500.00,12519.00,12330.00,313227.00
29-08-2024,12453.00,12343.00,12480.00,12250.00,608598.00
30-08-2024,12403.00,12460.00,12570.00,12316.00,2271179.00
02-09-2024,12427.00,12373.00,12525.00,12350.00,331514.00
05-09-2024,12298.00,12337.00,12370.00,12230.00,595865.00
06-09-2024,12186.00,12250.00,12304.00,12094.00,733354.00
09-09-2024,12145.00,12197.00,12219.00,12102.00,415790.00
10-09-2024,12263.00,12150.00,12288.00,12098.00,285122.00
11-09-2024,12242.00,12260.00,12334.00,12165.00,349799.00
13-09-2024,12316.00,12365.00,12395.00,12291.00,361093.00
16-09-2024,12289.00,12321.00,12364.00,12256.00,170114.00
17-09-2024,12245.00,12285.00,12285.00,12151.00,568161.00
20-09-2024,12614.00,12360.00,12705.00,12360.00,875654.00
23-09-2024,12683.00,12625.00,12749.00,12625.00,235586.00
24-09-2024,12738.00,12583.00,12778.00,12583.00,425916.00
25-09-2024,12785.00,12727.00,12816.00,12611.00,341172.00
26-09-2024,13383.00,12835.00,13411.00,12830.00,1471069.00
30-09-2024,13238.00,13343.00,13500.00,13208.00,415743.00
01-10-2024,13166.00,13238.00,13300.00,13000.00,388888.00
03-10-2024,12647.00,12941.00,13148.00,12592.00,863520.00
04-10-2024,12605.00,12689.00,12877.00,12512.00,679362.00
